0.000000,0.000000,0.000000,
-366.519490,-6.161267,0.193427,
-366.519490,-6.161267,0.193427,
-366.519490,-6.161267,0.193427,
-366.519490,-6.161267,0.193427,
-366.519490,-6.161267,0.193427,
-366.519490,-6.161267,0.193427,
-366.519490,-6.161267,0.193427,
-366.519490,-6.161267,0.193427,
-366.519490,-6.161267,0.193427,
-366.519490,-6.161267,0.193427,
-366.519490,-6.161267,0.193427,
-366.519490,-6.161267,0.193427,
-366.519490,-6.161267,0.193427,
-366.519490,-6.161267,0.193427,
-366.519490,-6.161267,0.193427,
-366.519490,-6.161267,0.193427,
-366.519490,-6.161267,0.193427,
-366.519490,-6.161267,0.193427,
-366.519490,-6.161267,0.193427,
-366.519490,-6.161267,0.193427,
-366.519490,-6.161267,0.193427,
-366.519490,-6.161267,0.193427,
-366.519490,-6.161267,0.193427,
-366.519490,-6.161267,0.193427,
-366.519490,-6.161267,0.193427,
-366.519490,-6.161267,0.193427,
-366.519490,-6.161267,0.193427,
-366.519490,-6.161267,0.193427,
-366.519490,-6.161267,0.193427,
-366.519490,-6.161267,0.193427,
-366.519490,-6.161267,0.193427,
-366.519490,-6.161267,0.193427,
-366.519490,-6.161267,0.193427,
-366.519490,-6.161267,0.193427,
-366.519490,-6.161267,0.193427,
-366.519490,-6.161267,0.193427,
-366.519490,-6.161267,0.193427,
-366.519490,-6.161267,0.193427,
-366.519490,-6.161267,0.193427,
-366.519490,-6.161267,0.193427,
-366.519490,-6.161267,0.193427,
-366.519490,-6.161267,0.193427,
-366.519490,-6.161267,0.193427,
-366.519490,-6.161267,0.193427,
-366.519490,-6.161267,0.193427,
-366.519490,-6.161267,0.193427,
-366.519490,-6.161267,0.193427,
-366.519490,-6.161267,0.193427,
-366.519490,-6.161267,0.193427,
-366.519490,-6.161267,0.193427,
-366.519490,-6.161267,0.193427,
-366.519490,-6.161267,0.193427,
-366.519490,-6.161267,0.193427,
-366.519490,-6.161267,0.193427,
-366.519490,-6.161267,0.193427,
-366.519490,-6.161267,0.193427,
-366.519490,-6.161267,0.193427,
-366.519490,-6.161267,0.193427,
-366.519490,-6.161267,0.193427,
-366.519490,-6.161267,0.193427,
-366.519490,-6.161267,0.193427,
-366.519490,-6.161267,0.193427,
-366.519490,-6.161267,0.193427,
-366.519490,-6.161267,0.193427,
-366.519490,-6.161267,0.193427,
-366.519490,-6.161267,0.193427,
-366.519490,-6.161267,0.193427,
-366.519490,-6.161267,0.193427,
-366.519490,-6.161267,0.193427,
-366.519490,-6.161267,0.193427,
-366.519490,-6.161267,0.193427,
-366.519490,-6.161267,0.193427,
-366.519490,-6.161267,0.193427,
-366.519490,-6.161267,0.193427,
-366.519490,-6.161267,0.193427,
-366.519490,-6.161267,0.193427,
-366.519490,-6.161267,0.193427,
-366.519490,-6.161267,0.193427,
-366.519490,-6.161267,0.193427,
-366.519490,-6.161267,0.193427,
-366.519490,-6.161267,0.193427,
-366.519490,-6.161267,0.193427,
-366.519490,-6.161267,0.193427,
-366.519490,-6.161267,0.193427,
-366.519490,-6.161267,0.193427,
-366.519490,-6.161267,0.193427,
-366.519490,-6.161267,0.193427,
-366.519490,-6.161267,0.193427,
-366.519490,-6.161267,0.193427,
-366.519490,-6.161267,0.193427,
-366.519490,-6.161267,0.193427,
-366.519490,-6.161267,0.193427,
-366.519490,-6.161267,0.193427,
-366.519490,-6.161267,0.193427,
-366.519490,-6.161267,0.193427,
-366.519490,-6.161267,0.193427,
-366.519490,-6.161267,0.193427,
-366.519490,-6.161267,0.193427,
-366.519490,-6.161267,0.193427,
-366.519490,-6.161267,0.193427,
-366.519490,-6.161267,0.193427,
-366.519490,-6.161267,0.193427,
-366.519490,-6.161267,0.193427,
-366.519490,-6.161267,0.193427,
-366.519490,-6.161267,0.193427,
-366.519490,-6.161267,0.193427,
-366.519490,-6.161267,0.193427,
-366.519490,-6.161267,0.193427,
-366.519490,-6.161267,0.193427,
-366.519490,-6.161267,0.193427,
-366.519490,-6.161267,0.193427,
-366.519490,-6.161267,0.193427,
-366.931674,-9.715581,0.183480,
-366.519490,-6.161267,0.193427,
-366.519490,-6.161267,0.193427,
-366.931674,-9.715581,0.183480,
-366.519490,-6.161267,0.193427,
-366.931674,-9.715581,0.183480,
-366.519490,-6.161267,0.193427,
-366.519490,-6.161267,0.193427,
-366.519490,-6.161267,0.193427,
-366.519490,-6.161267,0.193427,
-366.519490,-6.161267,0.193427,
-366.519490,-6.161267,0.193427,
-366.519490,-6.161267,0.193427,
-366.519490,-6.161267,0.193427,
-366.519490,-6.161267,0.193427,
-366.519490,-6.161267,0.193427,
-366.519490,-6.161267,0.193427,
-366.519490,-6.161267,0.193427,
-366.519490,-6.161267,0.193427,
-366.519490,-6.161267,0.193427,
-366.519490,-6.161267,0.193427,
-366.519490,-6.161267,0.193427,
-366.519490,-6.161267,0.193427,
-366.519490,-6.161267,0.193427,
-366.519490,-6.161267,0.193427,
-366.519490,-6.161267,0.193427,
-366.519490,-6.161267,0.193427,
-366.519490,-6.161267,0.193427,
-366.519490,-6.161267,0.193427,
-366.519490,-6.161267,0.193427,
-366.519490,-6.161267,0.193427,
-366.519490,-6.161267,0.193427,
-366.519490,-6.161267,0.193427,
-366.519490,-6.161267,0.193427,
-366.519490,-6.161267,0.193427,
-366.519490,-6.161267,0.193427,
-366.519490,-6.161267,0.193427,
-366.519490,-6.161267,0.193427,
-366.602123,-7.357884,0.191502,
-366.602123,-7.357884,0.191502,
-366.602123,-7.357884,0.191502,
-367.693064,-6.950395,0.193427,
-367.693064,-6.950395,0.193427,
-367.693064,-6.950395,0.193427,
-367.693064,-6.950395,0.193427,
-367.693064,-6.950395,0.193427,
-367.693064,-6.950395,0.193427,
-367.693064,-6.950395,0.193427,
-367.693064,-6.950395,0.193427,
-367.693064,-6.950395,0.193427,
-367.254178,-3.407700,0.203336,
-367.693064,-6.950395,0.193427,
-367.693064,-6.950395,0.193427,
-367.254178,-3.407700,0.203336,
-367.693064,-6.950395,0.193427,
-367.254178,-3.407700,0.203336,
-367.693064,-6.950395,0.193427,
-367.693064,-6.950395,0.193427,
-367.693064,-6.950395,0.193427,
-367.693064,-6.950395,0.193427,
-367.456116,-4.387098,0.203336,
-367.803075,-6.718635,0.195392,
-367.693064,-6.950395,0.193427,
-367.693064,-6.950395,0.193427,
-367.693064,-6.950395,0.193427,
-367.693064,-6.950395,0.193427,
-367.693064,-6.950395,0.193427,
-367.693064,-6.950395,0.193427,
-367.693064,-6.950395,0.193427,
-367.693064,-6.950395,0.193427,
-367.693064,-6.950395,0.193427,
-367.693064,-6.950395,0.193427,
-367.693064,-6.950395,0.193427,
-367.693064,-6.950395,0.193427,
-367.693064,-6.950395,0.193427,
-367.693064,-6.950395,0.193427,
-367.693064,-6.950395,0.193427,
-367.693064,-6.950395,0.193427,
-367.346544,-4.639067,0.201317,
-367.346544,-4.639067,0.201317,
-367.346544,-4.639067,0.201317,
-367.456116,-4.387098,0.203336,
-367.346544,-4.639067,0.201317,
-367.346544,-4.639067,0.201317,
-367.693064,-6.950395,0.193427,
-367.693064,-6.950395,0.193427,
-367.693064,-6.950395,0.193427,
-367.693064,-6.950395,0.193427,
-367.693064,-6.950395,0.193427,
-367.500841,-5.969043,0.193427,
-367.839916,-8.354415,0.185348,
-367.445197,-7.747938,0.181649,
-367.258116,-7.209701,0.173496,
-366.646833,-4.398594,0.171760,
-366.039292,-2.782640,0.166754,
-365.950686,-1.047355,0.161837,
-365.634845,-7.376105,0.140483,
-365.201309,-5.408687,0.137736,
-365.807359,-9.551301,0.120624,
-365.793598,-10.064294,0.109559,
-365.913814,-11.503161,0.098689,
-366.092087,-11.568662,0.091580,
-366.030576,-10.845351,0.079830,
-365.837789,-8.059588,0.080633,
-365.640872,-5.268190,0.081452,
-365.508679,-4.653741,0.079043,
-365.271797,-1.663108,0.079043,
-365.233123,-0.877199,0.079830,
-364.946338,-8.287053,0.069196,
-364.422254,-12.477106,0.060532,
-363.695658,-14.856441,0.049959,
-363.595783,-12.858936,0.049959,
-363.196282,-4.868918,0.049959,
-363.072583,-2.189129,0.050463,
-361.877199,-7.151783,0.029990,
-361.252293,-9.488503,0.019415,
-360.629723,-11.465135,0.009802,
0.000000,-14.500000,0.000000,
0.000000,-16.000000,0.000000,
0.000000,-19.000000,0.000000,
-357.277310,-23.646728,0.010207,
-355.823265,-28.076726,0.029694,
-355.099611,-29.937773,0.039194,
-354.357324,-31.735355,0.049959,
-354.591806,-34.013349,0.060532,
-353.917622,-28.832512,0.058756,
-354.240334,-30.315620,0.071308,
-353.645209,-31.085539,0.080633,
-353.904402,-27.886829,0.081452,
-355.107698,-20.561436,0.091580,
-357.019365,-1.475286,0.079830,
-357.977611,0.729781,0.088874,
-357.414246,-1.519184,0.120624,
-357.600942,0.907362,0.129275,
-357.006019,-2.991530,0.148890,
-357.146771,-3.071371,0.151882,
-356.675202,-6.637120,0.163476,
-356.675202,-6.637120,0.163476,
-356.675202,-6.637120,0.163476,
-356.675202,-6.637120,0.163476,
-356.675202,-6.637120,0.163476,
-356.675202,-6.637120,0.163476,
-356.675202,-6.637120,0.163476,
-356.675202,-6.637120,0.163476,
-356.675202,-6.637120,0.163476,
-356.675202,-6.637120,0.163476,
-356.675202,-6.637120,0.163476,
-357.146771,-3.071371,0.151882,
-356.605036,-6.545985,0.161837,
-356.722164,-3.942890,0.146012,
-358.571167,-1.104317,0.110657,
-358.571167,-1.104317,0.110657,
-358.349112,-1.707749,0.119429,
-358.587031,-0.587449,0.121843,
-358.067395,-4.122055,0.131883,
-357.873681,-4.655700,0.140483,
-357.631882,-5.092658,0.147437,
-357.006019,-2.991530,0.148890,
-357.146771,-3.071371,0.151882,
-356.675202,-6.637120,0.163476,
-356.469482,-6.928893,0.170059,
-356.268574,-1.303426,0.158656,
-356.505410,-0.383910,0.160230,
-356.577293,-2.210407,0.175266,
-356.244803,-3.412311,0.181649,
-355.928827,-6.298746,0.201317,
-355.869108,-7.980078,0.213204,
-355.765954,-7.863732,0.218669,
-355.865863,-8.245062,0.228274,
-355.947055,-10.292718,0.242552,
-356.284839,-9.701425,0.244978,
-356.108214,-12.527828,0.264488,
-355.932474,-13.437592,0.271479,
-355.680007,-16.240003,0.283794,
-355.351779,-12.087725,0.278300,
-355.205266,-12.873196,0.284957,
-355.486383,-11.913522,0.284957,
-354.984359,-15.591914,0.297064,
-354.919008,-11.169187,0.287708,
-355.126202,-13.541683,0.302885,
-354.582193,-12.873368,0.305879,
-354.624187,-8.940575,0.299246,
-354.422631,-5.204986,0.296278,
-353.879553,-8.456775,0.305879,
-354.350687,-5.965499,0.302885,
-353.528233,-6.248478,0.305879,
-353.923040,-2.736361,0.308931,
-353.056076,-4.434142,0.324905,
-353.399628,-10.134425,0.353997,
-353.042262,-12.476594,0.371399,
-352.614047,-11.982798,0.374992,
-352.123504,-14.526974,0.391700,
-351.623818,-12.204155,0.400950,
-351.037024,-9.273913,0.399515,
-350.726099,-6.119732,0.395571,
-351.319798,-3.375559,0.391700,
-351.157728,1.499157,0.384169,
-351.244704,-4.201800,0.404892,
-351.135504,-6.332788,0.414138,
-351.186785,-9.438928,0.427464,
-351.055352,-11.538738,0.436627,
-350.890979,-12.629884,0.446106,
-350.729261,-11.179903,0.454719,
-350.347216,-10.739035,0.468132,
-349.672315,-6.965924,0.472697,
-349.386883,-8.835275,0.486371,
-350.320812,-7.718649,0.494611,
-349.371548,-11.035104,0.511856,
-349.354134,-7.996572,0.517893,
-348.400087,-5.884740,0.521618,
-348.340958,-7.181223,0.536911,
-348.365778,-11.012957,0.554308,
-348.680019,-8.746105,0.549025,
-348.680019,-8.746105,0.549025,
-348.365778,-11.012957,0.554308,
-348.365778,-11.012957,0.554308,
-348.365778,-11.012957,0.554308,
-348.365778,-11.012957,0.554308,
-348.365778,-11.012957,0.554308,
-348.365778,-11.012957,0.554308,
-348.365778,-11.012957,0.554308,
-348.365778,-11.012957,0.554308,
-348.365778,-11.012957,0.554308,
-348.365778,-11.012957,0.554308,
-348.365778,-11.012957,0.554308,
-348.365778,-11.012957,0.554308,
-348.365778,-11.012957,0.554308,
-348.365778,-11.012957,0.554308,
-348.365778,-11.012957,0.554308,
-348.365778,-11.012957,0.554308,
-348.365778,-11.012957,0.554308,
-348.365778,-11.012957,0.554308,
-348.365778,-11.012957,0.554308,
-348.365778,-11.012957,0.554308,
-348.365778,-11.012957,0.554308,
-348.365778,-11.012957,0.554308,
-348.365778,-11.012957,0.554308,
-348.365778,-11.012957,0.554308,
-348.158163,-9.599139,0.549025,
-348.365778,-11.012957,0.554308,
-348.158163,-9.599139,0.549025,
-348.158163,-9.599139,0.549025,
-348.365778,-11.012957,0.554308,
-348.365778,-11.012957,0.554308,
-348.365778,-11.012957,0.554308,
-348.680019,-8.746105,0.549025,
-348.486143,-9.201169,0.552304,
-348.159475,-7.825201,0.552304,
-347.250446,-9.130863,0.565968,
-347.383665,-10.669517,0.576798,
-347.519682,-10.539310,0.588003,
-347.357023,-9.018894,0.590812,
-347.914058,-8.188405,0.590812,
-347.315410,-9.192296,0.596501,
-347.877162,-8.364990,0.596501,
-347.229084,-11.190113,0.607445,
-346.978746,-9.798232,0.607445,
-346.583109,-8.567316,0.609917,
-347.155873,-7.925206,0.615620,
-346.810501,-4.997702,0.613207,
-346.933456,-6.740322,0.621416,
-346.120401,-6.158135,0.621416,
-346.243638,-7.863502,0.629530,
-346.065252,-6.715081,0.635453,
-346.599992,-6.200004,0.643501,
-346.208415,-8.957051,0.657528,
-345.925137,-7.469437,0.659310,
-345.345098,-13.295056,0.684295,
-346.212067,-8.512172,0.677900,
-345.196447,-6.298329,0.679414,
-344.533760,-6.998790,0.688481,
-344.035101,-8.130347,0.694738,
-343.792808,-11.124437,0.707542,
-344.129522,-7.407573,0.699893,
-343.899930,-10.527744,0.713061,
-343.414527,-5.806574,0.706426,
-342.341621,-8.152596,0.723409,
-342.780396,-9.531677,0.735793,
-341.754062,-10.168927,0.749952,
-342.132158,-7.926834,0.764125,
-340.540237,-8.579023,0.778405,
-341.383999,-12.726583,0.799890,
-340.728200,-9.181174,0.799890,
-339.256758,-10.263916,0.813560,
-339.574767,-12.256471,0.835003,
-338.402486,-7.483816,0.835715,
-338.166063,-12.255995,0.869705,
-337.348982,-11.310141,0.878652,
-336.683360,-8.325403,0.883672,
-337.086681,-5.057026,0.886502,
-335.808649,-5.390251,0.913268,
-334.787688,-10.378218,0.941266,
-334.757771,-6.594347,0.935343,
-334.164229,-5.789545,0.935343,
-334.049237,-5.967471,0.941266,
-333.270486,-5.410816,0.952830,
-333.462459,-5.982034,0.971621,
-332.542760,-6.656408,0.982794,
-332.111172,-6.056107,0.985579,
-332.087754,-6.080427,0.991081,
-332.245671,-10.262578,1.013255,
-330.689598,-9.676455,1.035523,
-329.704925,-7.691557,1.057861,
-329.689691,-9.257822,1.071450,
-328.791676,-5.028714,1.076185,
-327.615762,-6.357196,1.102664,
-326.393369,-6.972808,1.125084,
-326.636863,-3.655262,1.152572,
-326.317454,-3.149926,1.160669,
-325.913460,-6.608082,1.177517,
-325.928496,-8.462336,1.186627,
-325.577898,-1.130647,1.175225,
-325.496354,-4.286794,1.201463,
-324.651156,-7.357021,1.229817,
-324.590355,-4.195328,1.229817,
-323.954993,-6.885247,1.252241,
-323.565645,-8.456785,1.264917,
-323.609189,-5.860441,1.271550,
-323.816885,-4.137830,1.274518,
-323.240007,-4.679998,1.287002,
-323.215867,-1.936409,1.289776,
-323.758850,-1.098888,1.292497,
-323.758850,-1.098888,1.292497,
-323.484128,-0.137365,1.292497,
-323.546709,-2.455782,1.304544,
-323.546709,-2.455782,1.304544,
-323.419177,-1.136229,1.301956,
-323.419177,-1.136229,1.301956,
-323.419177,-1.136229,1.301956,
-323.419177,-1.136229,1.301956,
-323.419177,-1.136229,1.301956,
-323.283591,-1.491018,1.304544,
-323.153563,-0.172149,1.301956,
-323.714018,2.393545,1.299318,
-323.946148,0.383372,1.308911,
-323.687246,1.349276,1.308911,
-324.046500,-0.347768,1.316038,
-323.793558,-0.993692,1.321022,
-323.778980,-2.041699,1.330625,
-323.895628,-2.848852,1.337983,
-324.036671,1.110062,1.330625,
-323.913017,2.366786,1.328245,
-323.913017,2.366786,1.328245,
-323.913017,2.366786,1.328245,
-324.407216,-0.672094,1.337983,
-323.913017,2.366786,1.328245,
-323.913017,2.366786,1.328245,
-323.913017,2.366786,1.328245,
-323.913017,2.366786,1.328245,
-324.407216,-0.672094,1.337983,
-324.407216,-0.672094,1.337983,
-323.913017,2.366786,1.328245,
-324.407216,-0.672094,1.337983,
-323.913017,2.366786,1.328245,
-324.407216,-0.672094,1.337983,
-324.407216,-0.672094,1.337983,
-324.290593,-0.928830,1.340274,
-324.176500,0.300927,1.337983,
-324.062107,0.044717,1.340274,
-323.948246,-0.196760,1.342522,
-323.721949,0.777299,1.342522,
-323.269356,2.725416,1.342522,
-322.919679,4.912454,1.340274,
-322.816764,4.673533,1.342522,
-322.816764,4.673533,1.342522,
-322.691193,5.886001,1.340274,
-322.561486,7.112074,1.337983,
-322.561486,7.112074,1.337983,
-322.882060,5.042057,1.347765,
-322.370091,6.893662,1.365401,
-321.563237,4.282495,1.379295,
-321.805126,1.991044,1.400738,
-320.992425,1.764809,1.407320,
-321.107629,-0.370844,1.421906,
-320.464683,-0.940063,1.437570,
-319.754619,-3.160064,1.448954,
-319.969999,-5.044584,1.461237,
-319.801990,-3.897755,1.462313,
-319.641978,-2.062571,1.461237,
-319.534223,-0.359991,1.459019,
-319.313956,0.919442,1.461237,
-318.511401,0.696540,1.471128,
-318.507831,-3.042899,1.500207,
-318.004746,-1.798672,1.519820,
-318.326141,-1.650160,1.530414,
-318.703278,-1.648703,1.539878,
-318.688179,-1.046367,1.539557,
-318.688179,-1.046367,1.539557,
-318.224833,0.978793,1.530003,
-318.285770,-0.650975,1.530414,
-318.285770,-0.650975,1.530414,
-318.285770,-0.650975,1.530414,
-318.285770,-0.650975,1.530414,
-318.285770,-0.650975,1.530414,
-318.285770,-0.650975,1.530414,
-318.285770,-0.650975,1.530414,
-318.285770,-0.650975,1.530414,
-318.285770,-0.650975,1.530414,
-318.285770,-0.650975,1.530414,
-318.285770,-0.650975,1.530414,
-318.285770,-0.650975,1.530414,
-318.285770,-0.650975,1.530414,
-318.285770,-0.650975,1.530414,
-318.285770,-0.650975,1.530414,
-318.285770,-0.650975,1.530414,
-318.285770,-0.650975,1.530414,
-318.285770,-0.650975,1.530414,
-318.285770,-0.650975,1.530414,
-318.285770,-0.650975,1.530414,
-318.285770,-0.650975,1.530414,
-318.285770,-0.650975,1.530414,
-318.285770,-0.650975,1.530414,
-318.265616,-0.020376,1.530003,
-318.224833,0.978793,1.530003,
-318.703278,-1.648703,1.539878,
-319.117231,-2.489266,1.550391,
-319.024977,2.076884,1.550181,
-318.000000,2.499986,1.570796,
-316.649366,-5.141270,1.621773,
-316.615741,-5.543024,1.653084,
-316.986390,-0.793284,1.652248,
-317.355497,3.426522,1.653084,
-316.331940,-0.591449,1.680356,
-315.643116,-4.546900,1.702679,
-315.206128,-4.857603,1.718233,
-315.152858,-6.904751,1.735945,
-315.665019,-1.895871,1.729452,
-316.221838,0.035614,1.734273,
-316.145929,-0.035181,1.742556,
-315.863237,-2.158762,1.762298,
-315.053260,-2.165770,1.774132,
-314.820075,0.906817,1.784001,
-313.711731,5.239434,1.784001,
-313.295208,6.173316,1.796073,
-312.121782,11.157391,1.799070,
-311.888349,12.890037,1.803610,
-312.143352,11.641697,1.815775,
-312.652915,10.637596,1.835285,
-312.883132,4.049336,1.883143,
-313.065482,3.162281,1.892547,
-313.632980,-1.267405,1.921293,
-313.258441,1.284038,1.923787,
-311.958851,12.079988,1.928362,
-310.854003,9.749024,1.951303,
-311.845001,1.641383,1.999061,
-311.813009,9.227536,1.994107,
-310.050226,14.003831,1.990029,
-310.219980,15.429331,1.994107,
-310.050226,14.003831,1.990029,
-310.594400,11.879533,1.989021,
-310.731349,7.891903,1.998261,
-310.731349,7.891903,1.998261,
-310.731349,7.891903,1.998261,
-310.731349,7.891903,1.998261,
-310.731349,7.891903,1.998261,
-310.731349,7.891903,1.998261,
-310.731349,7.891903,1.998261,
-310.731349,7.891903,1.998261,
-310.731349,7.891903,1.998261,
-310.731349,7.891903,1.998261,
-310.490494,8.726584,1.994107,
-310.855129,11.372851,1.984935,
-310.607631,12.161152,1.980924,
-310.607631,12.161152,1.980924,
-310.188261,10.965721,1.989021,
-308.987636,12.694129,1.994107,
-309.037541,16.644753,1.990029,
-310.544466,10.983250,2.030039,
-308.988906,11.962864,2.047836,
-310.123520,15.318195,2.057167,
-309.292530,8.725509,2.097424,
-309.946555,13.624706,2.101012,
-309.483407,15.565033,2.130478,
-310.178906,7.351628,2.169972,
-309.633759,15.270489,2.173084,
-309.037941,17.938849,2.175699,
-309.423558,17.820328,2.195819,
-309.502508,11.851086,2.234497,
-309.558573,17.189740,2.255091,
-310.000706,16.869042,2.285888,
-309.832747,24.164481,2.277222,
-310.629705,18.267002,2.313364,
-309.771863,21.769016,2.313364,
-309.471923,22.099314,2.320239,
-309.935674,19.522648,2.349102,
-309.203511,23.053078,2.349102,
-310.095303,24.564370,2.370479,
-309.620480,24.241602,2.399025,
-309.411354,23.645624,2.412473,
-309.542776,25.661556,2.420852,
-309.424540,25.153723,2.434051,
-309.466967,25.282339,2.441700,
-308.284885,28.029970,2.448133,
-308.967260,24.545528,2.477892,
-308.822524,29.684138,2.471621,
-308.163070,30.075265,2.482283,
-309.599994,27.200029,2.498091,
-309.617750,25.808989,2.506140,
-308.780109,27.387871,2.520176,
-308.780109,27.387871,2.520176,
-309.194835,28.754176,2.522527,
-308.950273,28.137672,2.542417,
-309.950239,25.706999,2.559240,
-309.579912,29.436793,2.550781,
-309.950239,25.706999,2.559240,
-309.422756,29.394921,2.545092,
-309.312561,28.744352,2.528385,
-308.960689,27.359480,2.522527,
-308.732355,28.789575,2.512063,
-309.024208,26.613792,2.506140,
-308.399994,28.800029,2.498091,
-308.954738,26.673365,2.500120,
-308.954738,26.673365,2.500120,
-308.954738,26.673365,2.500120,
-308.954738,26.673365,2.500120,
-308.954738,26.673365,2.500120,
-308.954738,26.673365,2.500120,
-308.954738,26.673365,2.500120,
-308.331046,28.865390,2.492043,
-308.799994,26.600029,2.498091,
-308.787457,27.956358,2.490139,
-308.737151,28.033329,2.484064,
-308.866270,29.544508,2.477892,
-309.482306,28.756790,2.477892,
-311.792963,24.075802,2.484064,
-310.098342,27.969072,2.477892,
-308.163070,30.075265,2.482283,
-308.282565,31.561148,2.476183,
-308.282565,31.561148,2.476183,
-308.282565,31.561148,2.476183,
-308.282565,31.561148,2.476183,
-308.282565,31.561148,2.476183,
-308.282565,31.561148,2.476183,
-308.282565,31.561148,2.476183,
-308.282565,31.561148,2.476183,
-308.282565,31.561148,2.476183,
-308.282565,31.561148,2.476183,
-308.282565,31.561148,2.476183,
-308.282565,31.561148,2.476183,
-308.163070,30.075265,2.482283,
-308.787457,27.956358,2.490139,
-308.787457,27.956358,2.490139,
-309.599994,27.200029,2.498091,
-309.127402,29.470218,2.492043,
-309.127402,29.470218,2.492043,
-309.617750,25.808989,2.506140,
-309.024208,26.613792,2.506140,
-309.024208,26.613792,2.506140,
-309.235469,28.012137,2.506140,
-309.131429,25.179574,2.520176,
-308.906867,28.801925,2.514284,
-309.129510,30.198503,2.514284,
-309.260046,27.280453,2.530867,
-309.383210,27.281509,2.536690,
-309.068404,29.495306,2.536690,
-309.422756,29.394921,2.545092,
-309.950239,25.706999,2.559240,
-309.463565,28.121189,2.556376,
-308.729167,36.090832,2.550781,
-309.595477,32.216258,2.567794,
-309.677312,26.574686,2.595938,
-309.652332,27.210916,2.604682,
-309.157502,32.735805,2.594030,
-309.646453,33.650029,2.606319,
-309.714734,34.318908,2.614965,
-309.984695,32.260535,2.637427,
-310.050233,34.148293,2.633530,
-309.734864,32.412389,2.646981,
-309.393392,31.964523,2.659929,
-309.712308,33.537875,2.664247,
-309.999865,31.832842,2.673358,
-309.851848,33.231544,2.682553,
-310.001594,29.635522,2.700668,
-310.397932,30.085253,2.704966,
-310.061118,33.145259,2.700164,
-310.045177,34.528826,2.704370,
-310.913988,35.647451,2.722360,
-310.592581,36.503415,2.732685,
-309.883658,41.426101,2.723368,
-310.571267,36.441530,2.744513,
-310.542419,34.934254,2.757423,
-310.948934,33.196486,2.766601,
-311.593839,32.523502,2.774419,
-310.875880,34.390194,2.774419,
-311.189023,31.251211,2.791096,
-311.540473,28.823318,2.803970,
-310.496550,34.815832,2.803970,
-310.909213,32.445591,2.816688,
-310.589994,33.393272,2.816688,
-310.270775,34.340953,2.816688,
-311.057816,31.552085,2.826171,
-310.717510,33.509363,2.829551,
-311.316868,34.275479,2.832662,
-311.220130,33.347176,2.838708,
-311.765882,31.914560,2.845315,
-311.740439,32.340435,2.852089,
-312.289977,32.775254,2.867425,
-312.019232,33.737905,2.867425,
-311.630421,39.201181,2.854971,
-311.206995,36.625858,2.867425,
-310.735736,41.298393,2.860572,
-311.086664,40.747207,2.867425,
-311.687691,38.830248,2.877105,
-311.658254,38.501730,2.879707,
-312.559513,35.363186,2.901422,
-312.604537,39.744815,2.899041,
-312.882753,36.710065,2.926235,
-313.110572,36.630178,2.936197,
-313.197863,39.668645,2.928388,
-312.657469,38.292379,2.940275,
-312.457509,39.272183,2.940275,
-312.074686,41.372031,2.938257,
-311.670810,43.330828,2.938257,
-311.670810,43.330828,2.938257,
-312.437512,44.371163,2.940275,
-312.332387,41.021130,2.953831,
-312.332387,41.021130,2.953831,
-312.332387,41.021130,2.953831,
-312.332387,41.021130,2.953831,
-312.332387,41.021130,2.953831,
-312.332387,41.021130,2.953831,
-312.332387,41.021130,2.953831,
-312.332387,41.021130,2.953831,
-312.332387,41.021130,2.953831,
-312.332387,41.021130,2.953831,
-312.332387,41.021130,2.953831,
-312.350121,41.108393,2.951979,
-312.350121,41.108393,2.951979,
-312.350121,41.108393,2.951979,
-312.350121,41.108393,2.951979,
-312.350121,41.108393,2.951979,
-312.350121,41.108393,2.951979,
-312.350121,41.108393,2.951979,
-312.350121,41.108393,2.951979,
-312.350121,41.108393,2.951979,
-312.350121,41.108393,2.951979,
-312.350121,41.108393,2.951979,
-312.350121,41.108393,2.951979,
-312.350121,41.108393,2.951979,
-312.350121,41.108393,2.951979,
-312.350121,41.108393,2.951979,
-312.332387,41.021130,2.953831,
-312.313934,40.945163,2.955647,
-313.008612,39.023755,2.965226,
-312.737636,43.086154,2.969832,
-313.196141,38.889915,2.992703,
-314.391951,36.745141,3.011027,
-314.693569,33.770573,3.033109,
-315.244348,33.350475,3.040924,
-314.956379,36.159152,3.039904,
-314.804437,37.896762,3.043866,
-314.419183,37.334070,3.051835,
-314.159037,40.107296,3.050932,
-314.060633,41.317968,3.051835,
-313.970995,42.313942,3.051835,
-313.868791,43.756464,3.053585,
-313.697613,45.522618,3.052718,
-313.402653,44.889018,3.060959,
-313.322107,45.885769,3.060959,
-314.186907,44.329334,3.072396,
-314.114115,45.613291,3.073073,
-313.911852,48.037490,3.071707,
-314.755809,46.626565,3.081061,
-314.696460,47.319532,3.080445,
-314.694070,47.933778,3.081665,
-314.634177,48.931983,3.081665,
-315.554165,47.160085,3.092129,
-315.387798,46.642692,3.101615,
-316.218482,47.099623,3.111298,
-317.082793,44.110649,3.131790,
-316.999993,45.500048,3.141593,
-317.830120,40.081335,3.111899,
-317.830057,39.953801,3.102009,
-318.735108,36.663121,3.082257,
-318.801852,38.345492,3.082837,
-318.966381,39.968143,3.081665,
-318.989438,38.819969,3.071707,
-319.135441,41.534000,3.072396,
-319.332814,40.912107,3.060959,
-319.665347,47.149345,3.063321,
-319.547486,44.242560,3.022164,
-320.068476,43.970661,3.003856,
-320.249651,50.051575,2.979755,
-320.294376,51.027040,2.961739,
-319.176517,57.261289,2.968097,
-320.246404,54.867991,2.946201,
-319.459583,56.043113,2.946201,
-319.252761,56.179855,2.948165,
-320.246404,54.867991,2.946201,
-320.246404,54.867991,2.946201,
-320.246404,54.867991,2.946201,
-320.246404,54.867991,2.946201,
-320.246404,54.867991,2.946201,
-320.246404,54.867991,2.946201,
-320.041889,55.006280,2.948165,
-319.788049,57.112617,2.958113,
-319.423145,55.146187,2.958113,
-319.859003,52.014091,2.958113,
-319.863467,50.925066,2.956245,
-319.863467,50.925066,2.956245,
-319.863467,50.925066,2.956245,
-319.863467,50.925066,2.956245,
-319.863467,50.925066,2.956245,
-319.863467,50.925066,2.956245,
-319.863467,50.925066,2.956245,
-319.863467,50.925066,2.956245,
-319.863467,50.925066,2.956245,
-319.863467,50.925066,2.956245,
-319.863467,50.925066,2.956245,
-319.863467,50.925066,2.956245,
-319.859003,52.014091,2.958113,
-319.863467,50.925066,2.956245,
-319.863467,50.925066,2.956245,
-319.676551,51.030876,2.958113,
-319.863467,50.925066,2.956245,
-319.190220,56.203681,2.966326,
-320.246404,54.867991,2.946201,
-319.696073,56.208722,2.940275,
-321.117001,51.810884,2.908779,
-321.602227,49.477294,2.896614,
-322.846909,51.294439,2.886834,
-323.634582,49.529391,2.870114,
-323.648913,49.524042,2.848226,
-324.164366,50.278896,2.839320,
-324.136864,48.944312,2.823037,
-322.844123,52.942619,2.829551,
-323.827873,51.281172,2.816585,
-323.543911,52.063333,2.810196,
-323.274566,52.903734,2.803970,
-324.668434,50.590547,2.787595,
-325.376375,51.173407,2.781644,
-325.728221,48.035112,2.766601,
-326.066570,46.158289,2.757423,
-325.878168,46.708289,2.753693,
-325.537648,50.613613,2.755415,
-326.296492,46.745061,2.736701,
-326.165186,48.977270,2.736701,
-326.830202,50.576872,2.733961,
-325.263535,58.735665,2.751544,
-324.737235,60.619497,2.749893,
-325.703736,55.093812,2.727454,
-327.003448,51.393069,2.709898,
-327.865205,50.395044,2.700668,
-328.254773,50.535171,2.677945,
-327.807560,51.876812,2.677945,
-328.335370,51.304374,2.663927,
-328.811003,51.415678,2.659514,
-328.885167,50.897412,2.650429,
-327.987125,53.382514,2.655222,
-329.067160,47.297532,2.623700,
-329.316927,49.136195,2.614965,
-330.466954,46.204369,2.595938,
-330.302453,45.404128,2.585189,
-329.984728,48.995778,2.590610,
-329.123716,51.699431,2.595938,
-329.635926,54.269326,2.597760,
-330.174218,52.983399,2.592567,
-331.250223,47.726198,2.573306,
-331.482656,47.702145,2.567794,
-331.167094,46.269381,2.556376,
-331.710709,46.872171,2.553590,
-332.515817,45.378755,2.542417,
-331.709431,50.708510,2.556376,
-332.534599,47.665449,2.548050,
-331.988059,49.090972,2.553590,
-331.975298,46.836485,2.548050,
-331.433358,48.258921,2.553590,
-331.433358,48.258921,2.553590,
-331.710709,46.872171,2.553590,
-331.167094,46.269381,2.556376,
-331.167094,46.269381,2.556376,
-331.167094,46.269381,2.556376,
-331.184956,48.782971,2.564794,
-331.448305,44.883408,2.556376,
-331.460989,45.139933,2.559240,
-331.483777,49.950035,2.573306,
-331.477825,47.399415,2.564794,
-331.167094,46.269381,2.556376,
-331.438262,48.488946,2.556376,
-332.037403,49.622735,2.539305,
-331.789087,50.569324,2.531676,
-332.697160,48.896352,2.517891,
-332.830864,50.195813,2.514284,
-332.400001,48.199968,2.498091,
-333.816641,48.532980,2.485897,
-333.634505,50.025121,2.484064,
-333.886371,46.541859,2.462179,
-334.068790,48.816482,2.457298,
-333.608175,55.559224,2.463692,
-335.274046,50.177740,2.427502,
-335.597956,49.114778,2.406512,
-336.142940,50.501685,2.399025,
-336.649497,47.240053,2.370479,
-336.582834,49.497476,2.356194,
-338.101510,48.346337,2.327631,
-337.454390,52.168331,2.328424,
-338.337799,52.571705,2.320239,
-338.496039,49.627946,2.299916,
-337.909373,51.785682,2.299916,
-337.988921,53.197657,2.299916,
-338.633067,54.082288,2.278338,
-338.895917,53.986639,2.270689,
-340.146739,49.378107,2.242403,
-340.475980,49.186968,2.234497,
-339.571661,56.119012,2.237869,
-341.433743,50.134809,2.200326,
-342.586556,46.265013,2.169972,
-342.505990,53.475665,2.169972,
-343.092000,50.377330,2.147989,
-342.586668,52.883156,2.147595,
-343.227005,49.615704,2.128337,
-344.181635,45.991878,2.106070,
-343.838275,53.164694,2.116451,
-344.938377,51.327583,2.097424,
-345.261797,55.933370,2.106070,
-344.751721,56.793499,2.106070,
-345.159530,54.926345,2.097424,
-344.751721,56.793499,2.106070,
-345.261797,55.933370,2.106070,
-344.930451,53.249257,2.101012,
-344.930451,53.249257,2.101012,
-344.911745,54.563164,2.106070,
-344.004263,57.254444,2.114629,
-344.548573,55.068380,2.109524,
-344.548573,55.068380,2.109524,
-344.548573,55.068380,2.109524,
-344.548573,55.068380,2.109524,
-344.548573,55.068380,2.109524,
-344.548573,55.068380,2.109524,
-344.930451,53.249257,2.101012,
-344.401668,55.423293,2.106070,
-343.891592,56.283422,2.106070,
-344.184611,55.364321,2.092415,
-344.597279,53.490321,2.083731,
-345.012968,50.359259,2.070143,
-345.009364,52.393135,2.074071,
-344.881424,51.556272,2.061343,
-345.263476,47.388150,2.038928,
-345.696108,46.510186,2.034444,
-345.704669,48.731783,2.038928,
-346.133773,46.740386,2.029939,
-345.690593,47.636819,2.029939,
-346.123575,45.617696,2.020870,
-345.267557,53.005342,2.029939,
-345.267557,53.005342,2.029939,
-345.279056,51.926597,2.025516,
-345.752806,49.932478,2.016509,
0.000000,0.000000,0.000000,
0.000000,0.000000,0.000000,
0.000000,0.000000,0.000000,
0.000000,0.000000,0.000000,
0.000000,0.000000,0.000000,
0.000000,0.000000,0.000000,
0.000000,0.000000,0.000000,
0.000000,0.000000,0.000000,
0.000000,0.000000,0.000000,
0.000000,0.000000,0.000000,
0.000000,0.000000,0.000000,
0.000000,0.000000,0.000000,
0.000000,0.000000,0.000000,
0.000000,0.000000,0.000000,
0.000000,0.000000,0.000000,
0.000000,0.000000,0.000000,
0.000000,0.000000,0.000000,
0.000000,0.000000,0.000000,
0.000000,0.000000,0.000000,
0.000000,0.000000,0.000000,
0.000000,0.000000,0.000000,
0.000000,0.000000,0.000000,
0.000000,0.000000,0.000000,
0.000000,0.000000,0.000000,
0.000000,0.000000,0.000000,
0.000000,0.000000,0.000000,
0.000000,0.000000,0.000000,
0.000000,0.000000,0.000000,
0.000000,0.000000,0.000000,
0.000000,0.000000,0.000000,
0.000000,0.000000,0.000000,
0.000000,0.000000,0.000000,
0.000000,0.000000,0.000000,
0.000000,0.000000,0.000000,
0.000000,0.000000,0.000000,
0.000000,0.000000,0.000000,
0.000000,0.000000,0.000000,
0.000000,0.000000,0.000000,
0.000000,0.000000,0.000000,
0.000000,0.000000,0.000000,
0.000000,0.000000,0.000000,
0.000000,0.000000,0.000000,
0.000000,0.000000,0.000000,
0.000000,0.000000,0.000000,
0.000000,0.000000,0.000000,
0.000000,0.000000,0.000000,
0.000000,0.000000,0.000000,
0.000000,0.000000,0.000000,
0.000000,0.000000,0.000000,
0.000000,0.000000,0.000000,
0.000000,0.000000,0.000000,
0.000000,0.000000,0.000000,
0.000000,0.000000,0.000000,
0.000000,0.000000,0.000000,
0.000000,0.000000,0.000000,
0.000000,0.000000,0.000000,
0.000000,0.000000,0.000000,
0.000000,0.000000,0.000000,
0.000000,0.000000,0.000000,
0.000000,0.000000,0.000000,
0.000000,0.000000,0.000000,
0.000000,0.000000,0.000000,
0.000000,0.000000,0.000000,
0.000000,0.000000,0.000000,
0.000000,0.000000,0.000000,
0.000000,0.000000,0.000000,
0.000000,0.000000,0.000000,
0.000000,0.000000,0.000000,
0.000000,0.000000,0.000000,
0.000000,0.000000,0.000000,
0.000000,0.000000,0.000000,
0.000000,0.000000,0.000000,
0.000000,0.000000,0.000000,
0.000000,0.000000,0.000000,
0.000000,0.000000,0.000000,
0.000000,0.000000,0.000000,
0.000000,0.000000,0.000000,
0.000000,0.000000,0.000000,
0.000000,0.000000,0.000000,
0.000000,0.000000,0.000000,
0.000000,0.000000,0.000000,
0.000000,0.000000,0.000000,
0.000000,0.000000,0.000000,
0.000000,0.000000,0.000000,
0.000000,0.000000,0.000000,
0.000000,0.000000,0.000000,
0.000000,0.000000,0.000000,
0.000000,0.000000,0.000000,
0.000000,0.000000,0.000000,
0.000000,0.000000,0.000000,
0.000000,0.000000,0.000000,
0.000000,0.000000,0.000000,
0.000000,0.000000,0.000000,
0.000000,0.000000,0.000000,
0.000000,0.000000,0.000000,
0.000000,0.000000,0.000000,
0.000000,0.000000,0.000000,
0.000000,0.000000,0.000000,
0.000000,0.000000,0.000000,
0.000000,0.000000,0.000000,
0.000000,0.000000,0.000000,
0.000000,0.000000,0.000000,
0.000000,0.000000,0.000000,
0.000000,0.000000,0.000000,
0.000000,0.000000,0.000000,
0.000000,0.000000,0.000000,
0.000000,0.000000,0.000000,
0.000000,0.000000,0.000000,
0.000000,0.000000,0.000000,
0.000000,0.000000,0.000000,
0.000000,0.000000,0.000000,
0.000000,0.000000,0.000000,
0.000000,0.000000,0.000000,
0.000000,0.000000,0.000000,
0.000000,0.000000,0.000000,
0.000000,0.000000,0.000000,
0.000000,0.000000,0.000000,
0.000000,0.000000,0.000000,
0.000000,0.000000,0.000000,
0.000000,0.000000,0.000000,
0.000000,0.000000,0.000000,
0.000000,0.000000,0.000000,
0.000000,0.000000,0.000000,
0.000000,0.000000,0.000000,
-358.467137,27.992075,1.296629,
-358.030528,27.538921,1.283088,
-358.318826,28.108980,1.274518,
-358.182124,29.729086,1.271550,
-358.296128,32.095599,1.264917,
-357.551234,34.944368,1.261866,
-357.924160,35.079159,1.245891,
-358.183303,28.891559,1.223735,
-359.481644,25.128527,1.203623,
-359.378628,25.835968,1.199397,
-360.173537,19.170735,1.165905,
-359.864057,24.215047,1.173717,
-359.584690,25.216163,1.168475,
-359.353556,25.598261,1.164608,
-358.524065,30.720340,1.175225,
-358.304663,31.076827,1.171281,
-358.203941,29.806555,1.165905,
-358.049689,32.690506,1.164608,
-359.029752,24.466966,1.134169,
-359.452637,25.373149,1.134169,
-359.771744,24.280483,1.129872,
-360.404870,28.298851,1.139101,
-360.186354,26.120746,1.129367,
-359.598540,26.436459,1.124691,
-359.482951,25.465780,1.120135,
-359.807698,24.385897,1.115882,
-358.909400,24.825282,1.115882,
-359.678395,24.616223,1.111554,
-359.000616,24.105182,1.102664,
-358.559423,25.448814,1.102664,
-358.218078,29.963329,1.107149,
-358.411134,27.963531,1.093451,
-358.780312,27.976537,1.089133,
-359.141748,26.729341,1.084425,
-362.331445,21.069509,1.071450,
-366.440316,20.832541,1.075485,
-366.915622,21.712361,1.075485,
-368.007322,14.666868,1.047857,
-367.390339,14.725346,1.040581,
-365.307964,17.105203,1.040581,
-363.925792,16.530958,1.025141,
-363.307975,21.054965,1.026964,
-360.064154,25.353525,1.026964,
-360.280149,20.987162,1.007928,
-358.200136,22.520237,0.996491,
-358.663174,23.015710,0.993604,
-358.756807,24.769938,0.988443,
-358.891018,24.545489,0.982794,
-358.354113,18.830443,0.963352,
-358.103775,20.222324,0.963352,
-358.029214,20.033177,0.960879,
-358.529364,20.686842,0.958474,
-360.429733,26.431984,0.977254,
-365.373243,10.423211,0.944872,
-369.649926,6.097707,0.944872,
-372.057850,6.017611,0.949380,
-372.178764,3.995778,0.939106,
-372.199991,4.599995,0.927295,
-371.136392,3.004431,0.907096,
-372.121821,6.049345,0.905386,
-370.756502,5.622255,0.896055,
-370.520187,3.845542,0.883672,
-370.524705,5.890596,0.878652,
-369.937449,0.881766,0.854731,
-369.126527,1.687960,0.835003,
-368.079346,2.417451,0.806374,
-368.754281,1.592216,0.792592,
-368.062336,0.608196,0.778405,
-367.738733,0.477979,0.771315,
-367.787876,-2.019491,0.756834,
-366.902646,-3.701503,0.735793,
-367.378506,1.241352,0.742567,
-367.170867,-3.578921,0.720740,
-366.458827,-0.654933,0.714091,
-365.893378,-3.245114,0.701091,
-365.785502,-7.824312,0.677900,
-366.021334,-5.161344,0.679414,
-366.240698,-3.606161,0.677900,
-365.270893,-3.798876,0.665410,
-365.277716,-4.146037,0.655696,
-364.666154,-6.770722,0.637549,
-364.046291,-6.386603,0.629530,
-363.225828,-2.291626,0.623702,
-357.333017,12.097779,0.590812,
-357.049435,14.315792,0.590812,
-357.014861,12.445391,0.574305,
-357.311180,13.828212,0.574305,
-356.015286,13.986252,0.557541,
-356.374054,11.490416,0.540420,
-356.596727,8.889726,0.528075,
-356.175275,12.315754,0.530216,
-356.345166,12.343870,0.525244,
-356.442388,13.966905,0.521618,
-356.306086,10.687804,0.508063,
-357.056630,5.921636,0.485866,
-357.539162,2.999457,0.477040,
-357.473926,7.272881,0.485866,
-357.323667,2.012461,0.463648,
-356.337213,1.742671,0.440924,
-355.827916,6.041227,0.436627,
-355.888328,8.276479,0.436627,
-355.780388,9.463727,0.432408,
-356.517623,6.513868,0.414138,
-356.062426,8.692231,0.410127,
-355.853713,4.731285,0.393279,
-356.394151,6.038162,0.393279,
-355.401822,9.697918,0.397079,
-355.049487,9.006222,0.380506,
-355.127415,9.029007,0.372988,
-354.821958,3.921569,0.347062,
-354.652440,2.624856,0.337622,
-354.490176,1.309199,0.328120,
-353.247355,2.191534,0.315421,
-353.444121,-2.916703,0.293367,
-353.583001,-0.560372,0.286621,
-353.495058,-1.933937,0.276909,
-353.478174,-4.292280,0.259940,
-353.192426,0.341845,0.264488,
-353.062665,-0.094601,0.261885,
-352.931010,1.307071,0.264488,
-352.676617,0.453686,0.259332,
-352.654965,-0.855263,0.249775,
-353.497556,-1.996201,0.232814,
-353.745403,2.536899,0.242552,
-353.745403,2.536899,0.242552,
-353.745403,2.536899,0.242552,
-353.745403,2.536899,0.242552,
-354.122866,-1.117588,0.230522,
-353.505223,3.507627,0.242552,
-353.505223,3.507627,0.242552,
-353.505223,3.507627,0.242552,
-353.505223,3.507627,0.242552,
-353.929359,0.060919,0.225277,
-353.596828,0.728911,0.223031,
-353.596828,0.728911,0.223031,
-353.596828,0.728911,0.223031,
-353.482607,2.010383,0.225277,
-353.375641,1.704142,0.223031,
-353.759910,-0.412130,0.215358,
-353.335893,0.034922,0.211093,
-352.906498,1.802295,0.203336,
-352.704560,2.781694,0.203336,
-352.704560,2.781694,0.203336,
-352.224137,-0.809362,0.193427,
-351.936436,-0.015023,0.191502,
-351.841538,-0.188483,0.189614,
-351.058196,-2.854128,0.178093,
-351.058196,-2.854128,0.178093,
-351.468722,0.486516,0.185946,
-351.468722,0.486516,0.185946,
-351.468722,0.486516,0.185946,
-351.468722,0.486516,0.185946,
-351.468722,0.486516,0.185946,
-351.468722,0.486516,0.185946,
-351.468722,0.486516,0.185946,
-351.468722,0.486516,0.185946,
-351.468722,0.486516,0.185946,
-351.468722,0.486516,0.185946,
-351.058196,-2.854128,0.178093,
-351.058196,-2.854128,0.178093,
-350.965010,-2.968086,0.176366,
-350.881043,-1.869945,0.178093,
-351.187273,2.598514,0.187762,
-351.420444,1.386359,0.179853,
-350.901359,-2.547747,0.160230,
-350.578769,-1.667325,0.157110,
-350.825167,-2.991535,0.148890,
