648,703,1023,1023,735,744,1023,1023
837,880,919,861,444,412,440,509
837,880,919,861,444,412,440,509
837,880,919,861,444,412,440,509
837,880,919,861,444,412,440,509
837,880,919,861,444,412,440,509
837,880,919,861,444,412,440,509
837,880,919,861,444,412,440,509
837,880,919,861,444,412,440,509
837,880,919,861,444,412,440,509
837,880,919,861,444,412,440,509
837,880,919,861,444,412,440,509
837,880,919,861,444,412,440,509
837,880,919,861,444,412,440,509
837,880,919,861,444,412,440,509
837,880,919,861,444,412,440,509
837,880,919,861,444,412,440,509
837,880,919,861,444,412,440,509
837,880,919,861,444,412,440,509
837,880,919,861,444,412,440,509
837,880,919,861,444,412,440,509
837,880,919,861,444,412,440,509
837,880,919,861,444,412,440,509
837,880,919,861,444,412,440,509
837,880,919,861,444,412,440,509
837,880,919,861,444,412,440,509
837,880,919,861,444,412,440,509
837,880,919,861,444,412,440,509
837,880,919,861,444,412,440,509
837,880,919,861,444,412,440,509
837,880,919,861,444,412,440,509
837,880,919,861,444,412,440,509
837,880,919,861,444,412,440,509
837,880,919,861,444,412,440,509
837,880,919,861,444,412,440,509
837,880,919,861,444,412,440,509
837,880,919,861,444,412,440,509
837,880,919,861,444,412,440,509
837,880,919,861,444,412,440,509
837,880,919,861,444,412,440,509
837,880,919,861,444,412,440,509
837,880,919,861,444,412,440,509
837,880,919,861,444,412,440,509
837,880,919,861,444,412,440,509
837,880,919,861,444,412,440,509
837,880,920,861,444,412,440,509
837,880,920,861,444,412,440,509
837,880,920,861,444,412,440,509
837,880,920,861,444,412,440,509
837,880,920,861,444,412,440,509
837,880,920,861,444,412,440,509
837,880,920,861,444,412,440,509
837,880,920,861,444,412,440,509
837,880,920,861,444,412,440,509
837,880,920,861,444,412,440,509
837,880,920,861,444,412,440,509
837,880,920,861,444,412,440,509
837,880,920,861,444,412,440,509
837,880,920,861,444,412,440,509
837,880,920,861,444,412,440,509
837,880,920,861,444,412,440,509
837,880,919,861,444,412,440,509
837,880,919,861,444,412,440,509
837,880,919,861,444,412,440,509
837,880,919,861,444,412,440,509
837,880,919,861,444,412,440,509
837,880,919,861,444,412,440,509
837,880,919,861,444,412,440,509
837,880,919,861,444,412,440,509
837,880,919,861,444,412,440,509
837,880,919,861,444,412,440,509
837,880,919,861,444,412,440,509
837,880,919,861,444,412,440,509
837,880,919,861,444,412,440,509
837,880,919,861,444,412,440,509
837,880,919,861,444,412,440,509
837,880,919,861,444,412,440,509
837,880,919,861,444,412,440,509
837,880,919,861,444,412,440,509
837,880,919,861,444,412,440,509
837,880,919,861,444,412,440,509
837,880,919,861,444,412,440,509
837,880,919,861,444,412,440,509
837,880,919,861,444,412,440,509
837,880,919,861,444,412,440,509
837,880,919,861,444,412,440,509
837,880,919,861,444,412,440,509
837,880,919,861,444,412,440,509
837,880,919,861,444,412,440,509
837,880,919,861,444,412,440,509
837,880,919,861,444,412,440,509
837,880,919,861,444,412,440,509
837,880,919,861,444,412,440,509
837,880,919,861,444,412,440,509
837,880,919,861,444,412,440,509
837,880,919,861,444,412,440,509
837,880,919,861,444,412,440,509
837,880,919,861,444,412,440,509
837,880,919,861,444,412,440,509
837,880,919,861,444,412,440,509
837,880,919,861,444,412,440,509
837,880,920,861,444,412,440,509
837,880,919,861,444,412,440,509
837,880,919,861,444,412,440,509
837,880,919,861,444,412,440,509
837,880,919,861,444,412,440,509
837,880,920,861,444,412,440,509
837,880,919,861,444,412,440,509
837,880,919,861,444,412,440,509
837,880,919,861,444,412,440,509
837,880,919,861,444,412,440,509
837,880,919,861,444,412,440,509
837,880,920,861,444,412,440,509
837,880,919,862,444,412,440,509
837,880,920,861,444,412,440,509
837,880,920,861,444,412,440,509
837,880,919,862,444,412,440,509
837,880,919,861,444,412,440,509
837,880,919,862,444,412,440,509
837,880,920,861,444,412,440,509
837,880,919,861,444,412,440,509
837,880,920,861,444,412,440,509
837,880,920,861,444,412,440,509
837,880,920,861,444,412,440,509
837,880,920,861,444,412,440,509
837,880,920,861,444,412,440,509
837,880,920,861,444,412,440,509
837,880,920,861,444,412,440,509
837,880,920,861,444,412,440,509
837,880,920,861,444,412,440,509
837,880,920,861,444,412,440,509
837,880,920,861,444,412,440,509
837,880,920,861,444,412,440,509
837,880,920,861,444,412,440,509
837,880,920,861,444,412,440,509
837,880,920,861,444,412,440,509
837,880,920,861,444,412,440,509
837,880,920,861,444,412,440,509
837,880,920,861,444,412,440,509
837,880,920,861,444,412,440,509
837,880,920,861,444,412,440,509
837,880,920,861,444,412,440,509
837,880,920,861,444,412,440,509
837,880,920,861,444,412,440,509
837,880,920,861,444,412,440,509
837,880,920,861,444,412,440,509
837,880,920,861,444,412,440,509
837,880,919,861,444,412,440,509
837,880,920,861,444,412,440,509
837,880,919,861,444,412,440,509
837,880,920,861,444,412,440,509
837,880,920,861,444,412,441,510
837,880,920,861,444,412,441,510
837,880,920,861,444,412,441,510
837,881,920,862,444,413,441,510
838,881,920,862,444,413,441,510
838,881,920,862,445,413,441,510
838,881,920,862,445,413,441,510
838,881,920,862,445,413,442,510
838,881,920,862,445,413,442,510
838,881,920,862,445,413,442,510
838,881,920,862,445,413,442,510
838,881,920,862,445,413,442,510
838,881,920,861,445,413,442,510
838,881,920,862,445,413,442,510
838,881,920,862,445,413,442,510
838,881,920,861,445,413,442,510
838,881,920,862,445,413,442,510
838,881,920,861,445,413,442,510
838,881,920,862,445,413,442,510
838,881,920,862,445,413,442,510
838,881,920,862,445,413,442,510
838,881,920,862,445,413,442,510
838,881,920,861,445,414,442,511
838,881,920,862,445,414,442,510
838,881,920,862,445,413,442,510
838,881,920,862,445,413,442,510
838,881,920,862,445,413,442,510
838,881,920,862,445,413,442,510
838,881,920,862,445,413,442,510
838,881,920,862,445,413,442,510
838,881,920,862,445,413,442,510
838,881,920,862,445,413,442,510
838,881,920,862,445,413,442,510
838,881,920,862,445,413,442,510
838,881,920,862,445,413,442,510
838,881,920,862,445,413,442,510
838,881,920,862,445,413,442,510
838,881,920,862,445,413,442,510
838,881,920,862,445,413,442,510
838,881,920,862,445,413,442,510
838,881,920,861,445,413,442,511
838,881,920,861,445,413,442,511
838,881,920,861,445,413,442,511
838,881,920,861,445,414,442,511
838,881,920,861,445,413,442,511
838,881,920,861,445,413,442,511
838,881,920,862,445,413,442,510
838,881,920,862,445,413,442,510
838,881,920,862,445,413,442,510
838,881,920,862,445,413,442,510
838,881,920,862,444,413,441,510
838,881,920,862,444,412,440,509
838,881,920,863,444,412,438,508
838,881,920,863,442,409,436,507
839,881,920,864,439,406,434,503
839,881,920,864,435,402,428,500
839,881,920,864,432,397,424,498
839,881,920,865,429,395,420,493
839,880,920,866,427,393,419,492
840,880,920,866,425,389,416,490
840,880,920,868,423,388,413,487
839,880,920,869,420,384,410,484
840,880,920,870,418,381,407,482
840,880,920,871,416,380,404,478
840,880,920,872,411,374,398,474
840,880,920,872,409,372,396,471
840,880,920,872,407,370,394,468
840,880,920,872,405,367,391,468
840,880,920,872,402,364,388,465
840,880,920,872,402,364,387,464
838,879,919,872,405,367,390,468
838,878,918,872,406,369,391,468
838,877,918,872,405,367,389,467
838,877,918,872,404,365,388,465
838,877,918,872,396,357,380,457
838,877,918,872,395,355,377,454
838,875,916,872,392,352,373,452
837,874,915,872,390,349,372,452
837,873,914,872,389,348,370,450
836,872,913,872,388,348,369,449
835,872,912,872,390,349,370,451
833,871,912,871,394,354,373,452
832,869,911,870,395,355,373,453
831,867,910,870,393,351,372,452
831,866,910,870,392,349,370,451
831,865,908,870,390,348,367,448
830,865,907,871,389,347,365,446
830,864,904,870,385,341,359,443
829,864,904,871,381,340,356,438
829,863,904,871,380,337,354,436
828,863,904,871,378,334,349,432
829,863,904,872,365,323,338,421
831,864,906,872,352,307,323,407
831,864,905,873,347,301,316,402
830,861,904,873,339,293,307,392
829,860,904,873,333,287,300,387
829,858,904,873,332,284,300,384
829,858,904,873,331,284,299,382
828,857,904,873,330,284,298,381
828,857,903,873,330,284,298,381
828,857,904,873,330,284,298,381
828,857,903,873,330,284,298,381
828,857,903,873,330,284,298,381
828,857,903,873,330,284,298,381
828,857,904,873,330,284,298,381
828,857,903,873,330,284,298,381
828,857,904,873,330,284,298,381
828,857,904,873,330,284,298,381
828,857,904,873,330,284,298,381
829,858,904,873,331,284,298,382
829,857,903,873,331,284,299,382
829,858,904,873,332,285,300,387
831,863,904,874,340,296,308,395
831,863,904,874,340,296,308,395
830,862,904,874,339,293,307,393
831,862,904,874,339,292,306,390
830,861,904,874,338,292,305,390
830,860,904,874,335,289,302,388
829,859,904,874,333,286,300,387
829,858,904,873,332,284,299,384
829,858,904,873,331,284,299,382
828,857,903,873,331,284,298,381
828,856,902,873,328,281,293,380
827,856,901,872,326,279,292,379
827,856,900,872,324,278,291,377
826,855,898,872,323,276,286,372
825,854,897,872,320,274,284,372
825,852,896,872,318,270,281,368
824,851,896,872,316,268,278,365
823,850,896,872,314,265,276,364
823,849,896,872,311,262,275,361
822,848,894,872,308,260,271,357
821,848,892,872,307,259,268,355
820,846,889,872,303,255,262,351
820,845,889,872,302,253,260,350
819,844,888,872,300,252,259,348
818,843,888,871,298,249,258,347
818,842,888,871,297,247,257,346
818,842,888,871,297,246,256,345
817,841,888,871,296,246,256,344
817,841,887,870,295,245,254,343
816,840,886,870,292,243,251,339
815,839,884,869,291,242,248,337
815,839,883,868,291,241,246,335
815,838,882,867,289,238,244,333
814,837,882,867,288,238,244,333
814,837,881,867,287,236,244,332
813,836,880,866,285,236,243,331
813,835,880,865,283,232,238,326
810,832,878,864,278,228,234,323
809,830,875,864,276,225,228,317
808,827,872,864,273,220,225,315
806,826,871,863,270,219,222,313
805,824,871,862,268,217,220,309
803,821,867,860,264,212,214,304
802,820,865,858,261,211,212,301
801,819,864,857,260,209,211,300
801,819,864,857,260,207,210,299
800,818,864,856,259,204,209,298
799,817,862,856,257,204,206,295
798,816,862,856,255,203,205,294
797,815,861,856,253,202,203,292
797,814,860,856,252,201,201,291
796,812,858,856,251,198,197,290
794,810,856,854,247,195,195,285
792,807,852,852,244,191,191,280
789,804,849,849,239,187,186,275
788,802,848,848,237,185,183,272
787,800,845,848,235,180,180,269
785,797,843,847,231,178,175,267
783,795,840,844,228,175,172,261
780,792,838,842,226,172,170,259
779,790,835,840,223,170,165,254
778,788,834,840,221,168,164,252
778,788,833,840,221,167,164,252
778,788,833,840,221,167,164,252
778,788,833,840,221,168,164,252
778,788,833,840,221,168,164,252
778,788,833,840,221,168,164,252
778,788,833,840,221,168,164,252
778,788,833,840,221,168,164,252
778,788,833,840,221,168,164,252
778,788,833,840,221,168,164,252
778,788,833,840,221,168,164,252
778,788,833,840,221,168,164,252
778,788,833,840,221,168,164,252
778,788,833,840,221,168,164,252
778,788,833,840,221,168,164,252
778,788,833,840,221,168,164,252
778,788,833,840,221,168,164,252
778,788,833,840,221,168,164,252
778,788,833,840,221,168,164,252
778,788,833,840,221,168,164,252
778,788,833,840,221,168,164,252
778,788,833,840,221,168,164,252
778,788,833,840,221,168,164,252
778,788,833,840,221,168,164,252
778,788,833,840,221,168,164,252
778,788,833,840,221,168,164,252
778,788,833,840,221,168,164,252
778,788,833,840,222,168,164,253
778,788,833,840,221,168,164,252
778,788,833,840,222,168,164,253
778,788,833,840,222,168,164,253
778,788,833,840,221,168,164,252
778,788,833,840,221,168,164,252
778,788,833,840,221,168,164,252
778,788,833,840,221,167,164,252
777,787,833,840,221,166,163,252
777,786,831,839,220,165,162,251
774,783,828,837,217,163,158,248
773,782,827,836,216,162,156,245
771,779,826,835,212,158,153,242
771,778,824,833,212,157,150,239
771,778,823,833,211,156,149,238
770,777,822,832,211,156,148,237
770,777,821,832,210,155,148,236
768,775,820,832,208,154,147,236
767,774,820,831,207,153,147,235
765,772,818,830,205,151,143,234
764,771,816,829,203,149,141,231
764,770,814,827,203,148,140,229
763,769,813,827,202,147,139,228
763,768,813,826,201,147,139,228
762,767,813,826,201,146,138,227
760,765,811,824,198,144,136,224
758,763,808,823,196,141,133,221
756,761,805,822,195,140,131,219
756,759,804,821,194,138,130,218
754,757,803,819,192,138,127,214
752,756,800,818,190,135,125,212
749,753,797,816,188,133,123,211
748,750,796,815,187,131,122,210
748,749,795,814,187,131,121,209
747,748,794,813,186,131,120,207
747,748,793,812,185,130,118,206
745,747,789,811,184,130,116,204
743,745,788,809,182,128,116,203
740,740,787,808,180,125,114,202
739,739,782,806,179,124,111,198
736,735,779,803,176,122,108,195
731,730,772,799,172,117,104,189
730,725,770,796,171,115,101,187
726,724,766,794,168,114,99,182
723,721,763,791,166,112,97,180
722,716,762,789,165,110,94,179
716,712,755,786,162,107,91,174
713,708,748,781,159,105,88,171
708,701,744,778,155,101,84,166
706,698,740,774,154,100,81,163
701,693,734,771,151,97,78,161
699,691,731,767,149,95,76,157
691,682,722,761,146,91,71,152
690,677,719,758,144,90,69,149
688,676,716,756,143,89,68,148
685,675,715,755,142,89,68,148
684,673,713,754,141,88,67,147
682,668,708,751,140,86,64,145
676,664,703,746,138,84,62,140
675,660,699,744,137,83,60,139
674,659,698,742,137,83,60,138
671,657,695,741,135,82,58,137
669,654,692,739,133,81,57,134
662,646,683,732,131,79,54,130
656,637,675,724,128,76,50,125
652,634,671,722,127,75,49,123
647,628,666,717,125,73,48,121
642,621,658,710,123,72,45,117
635,614,651,704,121,71,42,114
626,603,636,693,117,67,39,107
622,599,634,691,116,66,37,106
621,596,630,690,115,66,37,105
619,595,628,689,115,66,36,104
617,593,626,684,115,65,35,103
612,587,620,680,114,64,33,100
607,581,612,674,112,64,32,97
603,578,609,671,111,63,31,96
601,573,604,667,110,63,31,94
597,570,601,665,109,63,30,93
594,566,596,660,109,62,29,91
591,563,593,658,108,61,27,90
588,559,589,655,107,61,27,89
585,555,586,652,106,60,26,88
583,553,584,651,106,59,25,87
582,553,583,651,106,59,25,87
581,552,583,650,106,59,25,87
580,550,581,649,105,59,25,86
580,550,581,649,105,59,25,86
580,550,581,648,105,59,25,86
580,550,581,648,105,59,25,86
580,550,581,648,105,59,25,86
580,550,581,648,105,59,25,86
580,550,581,648,105,59,25,86
580,549,581,648,105,59,25,86
580,549,580,647,105,59,25,86
579,548,579,645,105,58,25,85
579,547,578,644,105,58,24,84
578,546,576,643,104,58,25,84
577,546,575,642,104,58,25,83
575,544,574,642,104,58,24,83
574,542,572,640,104,58,24,82
573,541,571,638,104,58,24,81
572,539,569,637,104,57,24,81
571,539,568,636,104,57,24,81
571,539,568,636,104,57,24,81
571,539,568,636,104,57,24,81
571,539,568,636,104,57,24,80
571,539,568,636,104,57,24,81
571,539,568,636,104,57,24,81
571,539,568,636,104,57,24,81
571,539,568,636,104,57,24,81
571,539,568,636,104,57,24,80
571,539,568,636,104,57,24,80
571,539,568,636,104,57,24,81
571,539,568,636,104,57,24,80
571,539,568,636,104,57,24,81
571,539,568,636,104,57,24,80
571,539,568,636,104,57,24,80
571,538,567,636,104,57,24,80
570,538,566,635,104,57,24,80
569,537,565,635,104,57,24,80
569,536,565,635,104,57,24,80
568,535,564,634,104,57,24,80
567,533,562,632,103,57,24,80
566,532,561,630,103,57,24,80
565,531,560,630,103,57,24,80
565,531,560,630,103,57,24,80
565,531,560,629,103,57,24,80
564,531,559,628,103,57,24,80
564,531,558,628,103,57,24,80
562,530,556,627,103,57,24,79
558,523,550,619,103,57,24,77
554,520,547,618,103,58,24,77
552,515,543,614,103,58,24,75
549,514,539,611,103,59,24,75
546,510,537,610,102,59,24,74
544,507,532,604,103,60,24,73
541,505,530,603,102,61,24,73
539,502,527,602,102,61,24,72
538,500,526,601,102,61,24,72
537,499,524,599,102,61,24,72
535,499,522,597,102,61,24,72
533,496,520,596,102,61,24,72
531,493,517,593,102,62,24,72
525,488,511,587,102,63,24,70
519,481,503,579,102,64,24,69
516,477,499,576,102,64,25,68
514,475,497,572,102,64,24,67
513,475,495,571,103,64,24,67
513,475,496,571,103,64,24,67
514,475,498,573,102,64,24,68
515,476,499,575,102,64,24,68
515,476,499,575,102,64,24,68
515,476,499,575,102,64,24,68
515,476,499,575,102,64,24,68
515,476,499,575,102,64,24,68
515,476,499,575,102,64,24,68
515,476,499,575,102,64,24,68
515,476,499,575,102,64,24,68
515,476,499,575,102,64,24,68
515,476,499,575,102,64,24,68
515,476,499,575,102,64,24,68
515,476,499,575,102,64,24,68
515,476,499,575,102,64,24,68
515,476,499,575,102,64,24,68
515,476,499,575,102,64,24,68
515,476,499,575,102,64,24,68
515,476,499,575,102,64,24,68
515,476,499,575,102,64,24,68
515,476,499,575,102,64,24,68
515,476,499,575,102,64,24,68
515,476,499,575,102,64,24,68
515,476,499,575,102,64,24,68
515,476,499,575,102,64,24,68
515,476,498,574,102,64,24,68
515,475,498,573,102,64,24,68
514,475,496,572,103,64,24,67
512,472,493,570,103,64,25,66
508,468,490,565,103,64,24,66
501,460,481,559,104,66,25,66
492,452,469,550,104,70,26,65
484,443,459,540,105,72,31,64
481,438,455,536,105,72,32,64
476,434,450,531,106,72,32,64
473,428,444,528,108,75,32,64
469,426,442,524,109,77,32,64
466,420,436,521,109,79,32,64
463,419,433,515,110,80,33,64
460,414,428,514,111,80,37,64
457,412,426,509,111,80,39,64
453,409,421,507,111,81,40,64
451,405,419,503,112,83,40,64
449,402,415,499,113,85,40,65
444,396,411,493,115,87,40,66
438,392,403,489,117,89,47,68
436,388,398,484,117,91,47,69
431,381,393,480,119,94,48,71
428,379,389,476,120,95,48,72
425,377,386,473,121,96,51,72
421,372,380,468,122,98,55,72
414,364,372,460,126,103,56,72
412,362,370,458,126,104,57,72
409,359,364,452,127,106,62,72
405,355,360,450,129,108,64,73
396,346,349,437,133,113,69,79
392,340,344,435,136,118,72,80
387,335,337,427,139,122,76,80
381,330,331,421,141,124,79,83
380,327,330,419,143,127,81,86
379,325,327,416,144,128,83,87
380,327,330,419,143,127,81,86
381,330,331,420,142,125,80,85
381,331,331,421,142,125,80,84
382,331,331,421,141,125,79,84
382,331,331,421,141,125,79,84
382,331,331,421,141,125,79,84
382,331,331,421,141,125,79,84
382,331,331,421,141,125,79,84
382,331,331,421,141,125,79,84
382,331,331,421,141,125,79,84
382,331,331,421,141,125,79,84
382,331,331,421,141,125,79,84
383,331,332,422,141,125,79,84
383,331,332,422,141,124,79,84
384,331,332,423,141,124,79,84
384,331,332,423,141,124,79,84
382,331,331,421,142,125,80,85
379,328,329,419,144,128,82,87
379,325,327,417,145,129,83,88
372,319,320,410,148,133,88,88
369,315,314,404,150,138,92,92
363,310,308,397,154,140,95,94
360,306,302,392,156,146,100,96
355,300,298,387,160,149,104,98
347,293,287,376,164,156,112,104
343,290,283,372,168,160,115,104
338,284,276,364,172,165,121,110
335,281,274,362,174,168,123,112
331,277,268,356,178,172,128,115
327,273,264,351,181,178,132,117
320,265,255,341,188,186,140,124
313,258,247,334,195,194,149,128
309,255,243,330,197,196,155,132
307,252,241,325,201,201,156,134
305,250,236,323,203,204,162,137
303,249,235,321,204,206,163,139
299,245,231,316,210,212,169,142
298,243,228,314,211,215,172,145
293,238,223,307,219,221,179,150
290,234,217,301,224,229,187,156
287,232,216,299,227,233,189,158
284,230,212,295,229,236,195,162
282,228,211,293,233,240,198,164
282,227,209,291,234,242,201,166
279,225,206,289,238,247,204,170
276,223,202,284,243,252,211,174
275,221,201,282,245,254,214,177
274,219,199,281,248,259,218,179
273,218,198,278,250,260,220,180
272,218,198,277,251,261,221,181
270,216,194,274,253,267,226,186
269,216,194,274,255,267,227,186
267,215,192,272,258,268,231,188
266,213,191,269,260,274,235,192
265,212,189,266,263,276,237,194
265,211,189,266,264,277,238,195
265,212,189,266,263,276,237,194
266,212,190,267,261,275,236,194
267,214,192,271,259,270,233,189
268,216,194,273,255,267,227,187
270,216,194,275,253,266,226,185
271,218,197,277,252,262,221,182
272,218,198,278,251,262,220,182
272,219,198,278,251,260,220,181
273,219,198,278,251,260,220,181
273,219,198,278,251,260,220,181
273,219,198,278,251,260,220,181
273,219,198,278,251,260,220,181
273,219,198,278,251,260,220,181
273,219,198,278,251,260,220,181
273,219,199,279,250,260,220,181
273,219,199,279,250,260,219,180
273,219,199,280,249,259,219,179
274,220,200,281,247,257,218,178
274,220,200,281,246,256,217,178
274,220,200,281,244,255,214,177
274,220,200,281,243,252,211,173
274,220,200,281,244,254,213,176
274,219,200,281,248,259,219,179
274,219,200,281,248,258,219,179
274,219,200,281,248,258,218,179
274,219,200,281,248,258,218,179
274,219,200,281,248,258,218,179
274,219,200,281,248,258,218,179
274,219,200,281,248,258,218,179
274,219,200,281,248,258,218,179
274,219,200,281,248,258,218,179
274,219,200,281,248,258,218,179
274,219,200,281,248,258,218,179
274,219,200,281,248,258,218,179
274,219,200,281,248,258,218,179
274,219,200,281,248,259,219,179
274,219,199,280,248,259,219,179
273,219,199,280,249,259,219,179
273,218,198,278,250,260,220,180
272,218,198,278,251,260,220,181
272,218,198,278,251,260,220,181
272,218,198,277,251,261,220,181
272,218,197,277,251,262,221,182
271,218,197,277,251,262,221,182
271,217,197,276,252,263,222,183
271,217,196,275,252,265,224,184
270,216,194,274,253,266,226,186
268,215,193,273,256,267,228,187
267,215,192,271,259,269,232,189
267,214,192,270,259,271,233,190
266,213,191,269,260,273,235,192
266,212,190,267,261,275,235,194
265,212,190,266,263,276,236,194
264,211,188,266,265,278,239,195
261,208,185,263,268,283,244,201
261,208,184,261,270,284,247,202
259,208,183,259,274,288,251,204
258,207,182,257,275,291,252,207
258,206,180,256,277,292,257,210
256,203,178,254,282,298,260,212
254,202,176,252,284,301,265,215
253,201,176,249,287,306,268,219
252,200,176,249,289,307,269,219
251,200,175,248,291,310,273,221
251,200,174,246,293,313,276,225
249,199,171,244,296,315,280,228
249,199,170,243,298,316,283,229
249,198,169,241,299,320,285,233
248,198,168,240,302,323,288,234
247,197,168,239,305,325,291,235
246,196,168,239,306,327,292,236
246,195,168,238,308,330,293,238
244,193,166,234,313,336,300,244
243,193,164,232,315,339,305,249
242,192,163,232,317,341,308,251
241,192,162,231,320,344,310,251
241,192,161,230,322,347,314,253
241,192,160,229,323,348,315,254
241,192,160,227,324,348,316,257
240,192,160,227,325,350,318,259
240,192,160,226,327,353,320,260
240,192,160,225,330,355,323,261
238,191,160,224,334,361,329,267
238,191,159,223,337,363,331,268
237,191,159,223,339,364,332,269
237,191,159,223,339,365,332,270
237,191,159,222,339,365,333,270
237,191,159,221,340,367,335,274
237,190,158,220,340,369,338,275
236,190,157,220,341,371,339,275
236,190,157,219,343,371,339,276
236,190,157,218,346,373,341,279
235,189,155,216,348,379,347,283
234,189,155,216,350,380,348,284
234,188,153,216,353,381,353,286
234,189,153,216,354,383,354,287
234,188,153,216,355,386,355,289
234,188,153,215,356,387,356,291
234,188,152,214,357,388,359,292
233,188,152,214,360,389,361,292
233,188,152,212,361,393,363,295
233,187,152,211,364,396,367,299
232,188,152,209,369,401,372,305
232,188,152,208,372,404,377,308
232,187,152,208,373,405,379,308
232,188,152,208,374,408,379,310
232,188,152,208,376,409,380,311
232,188,152,208,377,410,383,313
232,188,152,208,379,412,384,315
231,188,152,208,379,412,387,315
231,187,152,207,380,414,387,316
231,188,152,207,381,416,388,316
231,188,152,207,382,416,388,316
231,188,152,207,381,416,388,316
231,188,152,207,381,416,388,316
231,188,152,207,381,416,388,316
231,188,152,207,381,416,388,316
231,188,152,207,381,416,388,316
231,188,152,207,381,416,388,316
231,188,152,207,381,416,388,316
231,188,152,207,381,416,388,316
231,188,152,207,381,416,388,316
231,188,152,207,381,415,388,316
231,188,152,207,381,415,388,316
231,188,152,207,381,415,388,316
231,188,152,207,381,415,388,316
231,188,152,207,381,415,388,316
231,188,152,207,381,415,388,316
231,188,152,207,381,415,388,316
231,188,152,207,381,415,388,316
231,188,152,207,381,415,388,316
231,188,152,207,381,415,388,316
231,188,152,207,381,415,388,316
231,188,152,207,381,415,388,316
231,188,152,207,381,415,388,316
231,188,152,207,381,415,388,316
231,188,152,207,381,415,388,316
231,188,152,207,381,416,388,316
231,188,152,207,382,417,389,316
231,188,152,206,383,418,390,317
231,188,152,205,388,422,395,324
231,189,152,204,390,426,399,326
231,189,152,202,393,429,403,330
230,190,152,201,396,434,408,333
230,190,152,200,398,435,410,336
231,190,152,200,400,437,412,339
230,190,152,200,404,442,417,340
230,191,152,200,405,443,419,343
231,191,152,200,407,445,420,346
231,191,152,200,409,447,423,347
230,191,152,200,410,448,425,348
230,191,152,200,411,451,427,349
230,191,152,200,412,452,428,351
230,192,152,200,414,453,430,354
231,192,152,200,416,454,432,355
231,192,152,199,418,457,435,356
231,192,152,199,419,459,436,357
231,192,152,199,420,460,438,360
231,192,152,198,421,461,439,362
231,192,152,198,422,461,441,363
231,192,152,198,424,463,443,363
231,192,152,198,425,464,444,364
231,192,152,197,426,466,445,365
231,193,152,197,428,468,447,368
232,193,153,196,431,471,452,372
231,194,153,195,434,476,453,374
232,195,154,195,437,479,461,380
232,197,155,194,441,484,465,383
233,198,156,194,444,487,469,386
233,199,157,193,446,490,472,389
233,199,158,193,449,492,475,390
233,199,158,193,450,493,477,393
233,200,159,193,452,495,478,395
234,200,159,193,453,498,482,397
234,201,160,193,456,500,485,401
235,201,160,193,461,507,491,405
237,206,162,194,469,516,500,416
238,208,166,194,475,522,508,421
241,212,168,196,487,534,522,436
242,215,170,197,492,541,527,442
245,216,174,199,498,544,534,447
246,218,175,199,500,548,539,452
246,219,176,200,502,549,540,453
246,219,176,200,501,549,540,452
246,218,175,199,500,548,539,452
245,218,175,199,500,548,538,452
245,218,175,199,500,548,538,452
245,218,175,199,500,548,538,452
245,218,175,199,500,548,538,452
245,218,175,199,500,548,539,452
245,218,175,199,500,548,538,451
245,217,175,199,500,547,537,450
245,217,174,199,499,545,534,448
244,216,172,198,495,542,533,445
243,216,172,198,495,541,532,445
243,216,172,198,495,541,532,445
243,216,172,198,495,541,532,445
243,216,172,198,495,541,532,445
243,216,172,198,495,541,532,445
243,216,172,198,495,541,532,445
243,216,172,198,495,541,532,445
243,216,172,198,495,541,532,445
243,216,172,198,495,541,532,445
243,216,172,198,495,541,532,445
243,216,172,198,495,541,532,445
243,216,172,198,495,541,532,445
243,216,172,198,495,542,532,445
243,216,172,198,495,541,532,445
243,216,172,198,495,541,532,445
243,216,172,198,494,541,532,444
243,216,172,198,495,541,532,445
244,216,173,199,497,543,533,447
245,218,175,199,500,548,539,452
247,220,176,200,504,552,541,454
248,223,178,200,508,557,548,460
249,224,179,200,509,558,549,462
250,225,182,200,515,563,556,467
252,227,184,200,517,567,559,470
255,231,186,202,524,573,566,477
256,232,188,203,525,575,571,482
257,235,191,204,529,579,572,485
258,236,192,206,531,580,574,487
259,237,192,206,532,582,577,490
259,239,193,207,534,585,579,492
261,241,195,208,538,588,582,494
263,242,198,208,540,590,588,498
263,243,199,208,540,593,588,500
264,245,200,208,542,595,589,501
265,246,200,208,544,596,591,502
265,247,201,209,546,597,593,504
267,248,203,211,548,599,596,508
267,250,204,211,549,601,598,510
268,251,205,212,551,603,602,512
269,251,207,213,554,604,604,516
270,252,208,215,556,607,604,517
271,254,208,216,556,610,605,518
272,256,211,216,557,611,608,520
273,257,212,216,559,612,611,523
275,258,214,216,563,614,613,525
277,263,218,219,567,620,619,532
279,264,219,220,570,621,622,533
281,266,221,222,572,623,626,538
281,267,223,222,572,625,627,539
282,269,224,223,573,627,628,541
283,270,225,224,574,628,629,541
285,274,229,225,579,631,634,545
288,277,233,227,581,635,638,549
290,279,234,228,584,637,640,553
291,281,235,230,586,638,642,556
292,282,236,231,587,640,644,557
292,283,237,232,588,641,645,557
293,284,241,232,589,644,648,558
294,284,241,232,590,644,649,559
294,285,242,232,591,644,650,561
295,286,242,233,592,645,651,563
297,289,242,234,595,647,652,564
298,290,243,234,596,649,654,565
299,291,246,235,596,650,656,568
299,291,247,236,596,651,657,568
299,291,246,235,596,651,656,568
299,291,245,235,596,651,656,567
299,291,245,235,596,650,655,567
299,291,245,235,596,650,655,566
299,291,245,235,596,650,655,566
298,290,243,234,596,649,653,565
298,289,242,234,595,647,652,564
297,289,242,234,595,647,652,564
297,289,242,234,594,647,652,564
297,288,242,234,594,647,652,564
296,288,242,233,593,646,651,563
296,287,242,233,592,645,651,563
296,286,242,233,593,646,651,563
296,287,242,233,593,646,651,563
297,289,242,234,594,647,652,564
298,290,245,235,596,649,655,566
301,294,249,239,600,653,660,573
304,298,252,240,603,657,663,574
306,300,256,241,604,659,666,577
306,301,257,243,605,660,668,580
308,305,258,245,608,662,669,582
311,307,263,247,611,665,674,587
314,309,265,248,613,667,676,588
315,313,267,250,614,669,678,591
317,315,271,253,618,671,682,595
321,318,274,256,620,675,685,598
325,324,281,259,625,679,691,604
329,329,285,263,628,682,694,609
332,332,290,265,630,685,698,612
335,338,295,269,633,688,702,617
340,345,301,273,637,693,707,621
347,351,308,279,643,697,713,629
348,355,312,281,645,700,716,630
351,356,314,284,645,701,717,634
355,361,318,286,649,703,720,636
356,363,321,288,650,704,721,637
357,364,323,289,651,705,723,638
363,371,330,295,654,709,727,644
365,373,332,297,656,710,728,646
369,378,337,300,659,712,732,650
371,380,339,302,660,713,733,652
373,386,345,306,662,717,736,654
380,392,352,311,666,719,740,660
387,398,359,316,669,721,744,665
391,404,365,322,671,725,747,669
394,410,371,324,673,727,750,671
396,411,372,328,674,727,751,673
400,415,377,330,676,728,752,675
403,419,380,333,677,729,753,678
404,421,384,337,679,731,756,680
409,426,389,340,680,733,759,683
411,427,391,341,682,735,760,684
411,428,393,342,682,735,760,684
412,429,393,343,682,735,760,685
412,428,393,342,682,735,760,684
411,427,392,341,682,735,760,684
410,427,390,340,682,734,759,683
409,427,388,340,681,734,759,683
409,426,388,340,681,734,759,683
409,426,388,340,681,734,759,682
409,426,388,339,681,734,759,682
409,426,388,339,681,734,759,682
409,426,388,339,681,734,759,682
409,426,387,339,681,734,759,682
409,426,387,339,681,734,758,682
409,426,387,339,681,734,758,682
410,427,389,340,681,734,759,683
411,427,391,341,682,734,759,683
411,428,393,342,682,734,760,683
412,432,395,345,682,735,760,685
414,433,395,346,683,735,760,686
416,435,396,347,683,735,760,687
418,436,399,347,684,736,760,687
419,439,402,351,685,736,760,689
422,443,404,354,685,736,760,691
424,443,405,355,686,736,760,692
425,444,407,355,686,737,760,692
426,445,408,356,687,737,760,693
426,446,408,357,687,737,760,693
427,447,408,358,687,737,760,694
429,451,410,362,688,739,760,695
429,451,416,362,688,739,760,695
431,452,416,362,688,739,760,695
432,453,416,363,689,739,760,696
433,454,1023,364,689,740,1023,696
436,458,1023,366,690,741,1023,698
439,461,1023,370,691,742,1023,700
442,464,1023,372,692,742,1023,701
443,467,1023,375,692,743,1023,703
445,469,1023,378,693,743,1023,703
452,477,1023,385,694,744,1023,708
455,482,1023,388,695,744,1023,709
459,485,1023,393,696,744,1023,711
465,491,1023,396,697,744,1023,712
475,503,1023,410,699,744,1023,718
479,508,1023,411,700,745,1023,719
483,513,1023,418,700,745,1023,720
487,517,1023,419,701,745,1023,720
490,521,1023,424,701,745,1023,721
494,527,1023,428,702,745,1023,724
498,530,1023,433,702,745,1023,726
499,531,1023,433,702,745,1023,726
498,530,1023,432,702,745,1023,725
497,529,1023,431,702,745,1023,724
497,529,1023,430,702,745,1023,724
496,528,1023,430,702,745,1023,724
496,528,1023,429,702,745,1023,724
495,528,1023,429,702,745,1023,723
495,527,1023,429,702,745,1023,723
494,526,1023,428,702,745,1023,723
494,526,1023,428,702,745,1023,723
493,525,1023,428,701,745,1023,723
493,525,1023,428,701,745,1023,723
493,525,1023,427,701,745,1023,723
493,524,1023,427,701,745,1023,722
493,524,1023,427,701,745,1023,722
493,524,1023,427,701,745,1023,722
493,524,1023,427,701,745,1023,722
493,524,1023,427,701,745,1023,722
493,524,1023,427,701,745,1023,722
493,524,1023,427,701,745,1023,722
493,524,1023,427,701,745,1023,722
493,524,1023,427,701,745,1023,722
493,524,1023,427,701,745,1023,722
493,524,1023,427,701,745,1023,722
493,524,1023,427,701,745,1023,722
493,524,1023,427,701,745,1023,722
493,524,1023,427,701,745,1023,722
493,525,1023,427,701,745,1023,722
493,525,1023,428,701,745,1023,722
493,525,1023,427,701,745,1023,722
493,525,1023,427,701,745,1023,722
493,525,1023,427,701,745,1023,722
493,525,1023,427,701,745,1023,722
493,525,1023,428,702,745,1023,723
493,525,1023,428,702,746,1023,723
493,525,1023,428,702,746,1023,723
495,527,1023,429,702,746,1023,724
497,530,1023,432,702,746,1023,726
499,531,1023,434,702,746,1023,726
500,534,1023,436,703,746,1023,727
503,538,1023,439,703,746,1023,728
506,539,1023,442,703,746,1023,728
510,545,1023,446,703,745,1023,728
515,550,1023,452,703,744,1023,728
522,556,1023,459,703,744,1023,730
525,562,1023,461,703,744,1023,731
529,565,1023,467,703,744,1023,733
532,569,1023,469,702,744,1023,733
535,572,1023,474,703,743,1023,734
538,575,1023,476,702,743,1023,735
541,579,1023,480,702,743,1023,735
544,581,1023,483,702,742,1023,735
547,586,1023,485,702,741,1023,736
549,588,1023,490,702,741,1023,736
552,593,1023,491,702,739,1023,736
557,598,1023,498,701,737,1023,736
564,604,1023,505,700,736,1023,736
572,613,1023,515,698,735,1023,736
577,621,1023,522,697,733,1023,736
583,628,1023,529,696,728,1023,736
588,633,1023,532,695,728,1023,736
592,636,1023,539,695,727,1023,736
596,641,1023,541,694,726,1023,736
598,644,1023,546,693,724,1023,736
602,647,1023,547,692,723,1023,736
603,650,1023,549,691,721,1023,736
604,651,1023,551,691,721,1023,736
606,652,1023,555,691,720,1023,736
611,657,1023,557,690,720,1023,736
613,660,1023,562,689,719,1023,736
614,660,1023,563,689,719,1023,736
615,660,1023,563,689,719,1023,736
614,660,1023,563,689,719,1023,736
614,660,1023,563,689,719,1023,736
614,660,1023,563,689,719,1023,736
614,660,1023,563,689,719,1023,736
614,660,1023,563,689,719,1023,736
614,660,1023,563,689,719,1023,736
614,660,1023,563,689,719,1023,736
613,660,1023,562,690,719,1023,736
611,659,1023,560,691,720,1023,736
611,658,1023,557,691,720,1023,736
606,652,1023,554,693,722,1023,736
604,651,1023,552,693,723,1023,736
604,649,1023,550,693,724,1023,736
603,648,1023,548,694,724,1023,736
602,646,1023,547,694,725,1023,737
601,645,1023,547,694,726,1023,737
601,645,1023,547,694,726,1023,737
601,645,1023,547,694,726,1023,737
601,645,1023,547,694,726,1023,737
601,645,1023,547,694,726,1023,737
601,645,1023,547,694,726,1023,737
601,645,1023,547,694,726,1023,737
602,647,1023,548,694,725,1023,736
603,648,1023,548,694,725,1023,736
604,651,1023,551,694,723,1023,736
606,652,1023,555,693,722,1023,736
609,656,1023,556,692,720,1023,736
613,660,1023,563,691,720,1023,736
617,663,1023,565,689,719,1023,736
622,671,1023,572,687,715,1023,736
626,675,1023,577,686,712,1023,736
628,676,1023,579,686,712,1023,736
629,677,1023,580,685,711,1023,736
631,680,1023,583,684,710,1023,735
634,683,1023,586,684,709,1023,735
635,684,676,588,683,708,752,735
639,689,679,591,681,705,751,734
642,691,684,596,680,704,750,733
644,693,687,599,679,703,748,732
646,698,691,603,679,701,745,731
651,701,696,607,677,699,744,729
654,707,700,612,675,696,742,728
658,708,705,614,673,694,739,728
659,710,708,619,672,693,737,728
661,714,709,619,671,691,736,728
667,717,715,626,669,688,734,727
668,720,716,627,668,687,733,726
670,723,720,629,667,685,731,725
671,724,722,631,667,684,729,724
673,724,723,633,666,684,729,722
674,725,724,635,665,683,728,721
675,726,724,635,665,682,728,721
675,730,726,637,664,680,726,720
677,731,730,641,662,678,724,720
679,732,731,642,661,678,723,720
680,732,732,643,661,678,724,720
681,733,732,644,662,679,725,720
683,735,735,644,661,677,723,720
684,737,738,645,660,675,720,719
684,738,738,645,659,674,719,719
684,738,738,646,659,674,720,719
684,738,738,646,659,673,719,718
685,739,739,648,658,673,719,718
687,740,740,651,657,671,717,716
689,741,742,652,655,670,716,715
691,743,746,655,654,669,714,713
692,745,747,658,653,667,713,712
692,747,748,659,653,666,712,712
694,747,749,660,653,666,712,712
694,748,750,660,655,668,714,716
695,748,750,661,660,673,718,720
696,749,753,662,660,673,719,720
698,751,755,666,659,671,717,720
699,754,756,667,657,668,714,719
701,755,758,668,654,665,711,716
703,757,763,673,651,661,706,712
707,761,764,675,647,658,703,710
708,763,767,677,644,653,699,705
710,764,770,680,642,651,696,704
714,768,773,683,637,645,692,700
715,770,774,684,636,644,691,700
716,771,778,689,635,643,688,697
717,772,779,691,634,642,686,696
719,773,780,691,632,639,684,696
721,774,781,692,630,638,684,695
722,775,782,692,629,637,683,695
723,777,783,693,629,636,682,695
722,777,783,694,634,640,685,696
722,776,783,693,636,644,691,704
720,775,782,692,643,650,696,710
719,774,781,693,648,654,700,712
722,776,785,694,645,652,697,712
724,779,788,699,644,649,693,709
728,782,792,704,641,644,689,705
731,786,796,707,637,642,685,704
732,788,797,708,636,638,684,702
733,789,800,711,635,636,681,700
737,791,803,715,631,634,677,697
739,794,805,717,628,629,675,696
742,798,811,724,625,623,667,690
749,805,819,732,615,613,658,683
752,807,822,737,612,611,653,680
754,810,825,739,610,606,650,678
756,811,827,741,608,604,647,676
757,812,829,744,605,602,644,674
761,815,832,748,602,596,639,670
763,817,834,750,600,595,636,668
764,818,836,753,597,592,634,666
766,821,839,756,595,587,629,662
768,822,841,757,592,584,627,661
770,823,844,761,589,581,622,658
771,825,845,762,587,579,620,657
771,826,846,764,586,578,619,655
773,828,848,766,582,573,613,652
775,829,850,769,580,571,612,649
777,831,852,771,578,566,608,647
779,832,854,773,575,563,603,644
780,835,856,776,570,557,597,639
789,843,866,788,545,532,572,614
790,844,867,789,543,530,569,612
792,846,870,791,540,525,564,610
793,847,871,792,539,524,563,609
796,848,872,795,533,518,557,603
797,849,874,798,531,515,554,600
797,849,876,800,530,514,551,598
798,851,877,800,527,510,548,597
799,852,878,801,525,508,547,596
800,853,880,803,523,506,541,593
801,853,880,804,523,504,541,592
801,854,880,807,522,501,540,590
802,854,880,808,522,501,540,590
802,855,880,808,522,500,539,589
804,855,883,810,517,497,533,587
805,856,887,814,508,490,524,579
808,858,888,816,505,484,519,574
809,859,888,817,503,482,516,572
809,860,888,818,501,479,516,570
810,861,889,821,499,476,511,567
811,862,891,822,496,472,508,564
812,862,892,823,493,469,504,563
812,863,894,824,492,468,501,562
813,863,894,824,490,466,499,559
814,864,896,826,485,460,493,555
814,864,896,828,484,459,492,551
816,864,896,830,480,454,487,548
816,864,896,831,477,452,484,546
817,864,896,832,476,450,483,544
817,864,897,833,472,444,476,539
818,864,898,835,468,441,474,537
819,865,900,837,466,437,468,532
819,865,900,838,463,435,465,530
820,865,902,840,460,432,461,526
820,866,902,840,458,428,458,524
820,866,903,840,457,427,456,524
821,866,903,840,456,427,455,523
821,866,903,840,454,425,452,523
821,866,903,841,452,423,452,521
822,867,904,844,451,419,448,516
822,868,904,844,449,418,446,515
822,868,904,844,448,418,445,515
822,868,904,844,448,418,445,515
822,868,904,844,448,418,445,515
823,868,904,845,447,417,445,515
822,868,904,844,447,417,445,514
823,868,904,844,447,417,445,514
822,868,904,844,447,417,445,514
822,868,904,844,447,417,445,514
823,868,904,846,446,415,444,511
823,868,904,846,445,413,443,510
823,868,904,846,445,413,443,510
823,868,904,846,445,413,443,510
823,868,904,846,444,413,443,509
822,868,904,846,444,412,441,509
823,868,904,847,444,412,441,508
823,868,904,847,441,409,436,507
823,868,904,848,438,405,434,502
823,868,904,848,437,404,432,501
823,868,904,848,437,404,432,501
823,867,904,848,436,404,431,501
823,867,904,848,435,402,428,500
823,867,904,848,434,401,428,500
824,866,904,848,433,399,427,499
824,866,904,848,433,399,427,499
824,867,904,848,433,398,427,499
824,867,904,848,433,398,426,499
824,867,904,848,432,398,426,499
824,867,904,848,432,398,426,499
824,867,904,848,432,398,426,499
824,867,904,848,433,398,426,499
824,867,904,848,433,398,427,499
824,867,904,848,432,398,426,499
824,867,904,848,433,398,426,499
824,867,904,848,433,398,427,499
824,866,904,848,433,399,427,499
824,866,904,848,433,399,427,499
824,866,904,848,433,398,426,499
824,866,904,848,432,398,426,498
824,867,904,848,432,397,425,497
824,867,904,849,430,396,422,495
824,866,904,850,427,393,420,492
824,866,904,850,426,390,417,491
824,866,904,851,424,389,415,489
824,866,904,852,423,388,413,487
824,866,904,853,421,386,412,485
824,865,904,853,419,383,410,483
824,865,904,853,418,382,408,483
824,865,904,853,418,382,408,483
824,865,904,853,418,382,408,483
824,865,904,854,418,382,408,483
824,865,904,854,418,382,408,482
824,865,904,854,418,382,408,482
824,865,904,854,418,382,408,482
824,865,904,853,418,382,408,482
824,865,904,853,418,382,408,482
824,865,904,853,418,382,408,482
824,865,904,853,418,382,408,482
824,865,904,853,418,382,408,482
824,865,904,853,418,382,408,482
824,865,904,853,418,382,408,482
824,865,904,853,418,382,407,482
824,865,904,853,418,382,408,482
824,865,904,853,418,382,407,482
824,865,904,853,418,382,407,482
824,865,904,853,418,382,407,482
824,865,904,853,418,382,407,482
824,865,904,853,418,382,407,482
824,865,904,853,418,382,407,482
824,865,904,853,418,382,407,482
824,865,904,853,418,382,407,482
824,865,904,853,418,382,407,482
824,865,904,853,418,382,407,482
824,865,904,853,418,382,408,482
824,865,904,853,418,382,407,482
824,865,904,853,418,382,407,482
824,865,904,853,418,382,407,482
824,865,904,853,418,382,407,482
824,865,904,853,418,382,407,482
824,865,904,853,418,382,407,482
824,865,904,853,418,382,407,482
824,865,904,853,418,382,407,482
824,865,904,853,418,382,407,482
824,865,904,853,418,382,407,482
824,865,904,853,418,382,407,482
824,865,904,853,418,382,407,482
824,865,904,853,418,382,407,482
824,865,904,853,418,382,407,482
824,865,904,853,418,382,407,482
824,865,904,853,418,382,408,482
824,865,904,853,418,382,408,482
824,865,904,853,418,382,408,482
824,865,904,853,418,381,407,482
824,865,904,853,418,381,407,482
824,865,904,853,418,381,407,482
824,865,904,853,418,382,407,482
824,865,904,853,418,381,407,482
824,865,904,853,418,381,407,482
824,865,904,853,418,381,407,482
824,865,904,853,418,382,407,482
824,865,904,853,418,382,407,482
824,865,904,853,418,382,407,482
824,865,904,853,418,382,407,482
824,865,904,853,418,382,407,482
824,865,904,853,418,382,407,482
824,865,904,853,418,382,407,482
824,865,904,853,418,382,407,482
824,865,904,853,418,382,407,482
824,865,904,853,418,382,407,482
824,865,904,853,418,382,407,482
824,865,904,853,418,382,407,482
824,865,904,853,418,382,407,482
824,865,904,853,418,382,407,482
824,865,904,853,418,382,407,482
824,865,904,853,418,382,407,482
824,865,904,853,418,382,407,482
824,865,904,853,418,382,407,482
824,865,904,853,418,382,407,482
824,865,904,853,418,382,407,482
824,865,904,853,418,382,407,482
824,865,904,853,418,382,407,482
824,865,904,853,418,382,407,482
824,865,904,853,418,382,407,482
824,865,904,853,418,382,407,482
824,865,904,853,418,382,407,482
824,865,904,853,418,382,407,482
824,865,904,853,418,382,407,482
824,865,904,853,418,382,407,482
824,865,904,853,418,382,407,482
824,865,904,853,418,382,407,482
824,865,904,853,418,382,407,482
824,865,904,853,418,382,407,482
824,865,904,853,418,382,407,482
824,865,904,853,418,382,407,482
824,865,904,853,418,382,407,482
824,865,904,853,418,382,407,482
824,865,904,853,418,382,407,482
824,865,904,853,418,382,407,482
824,865,904,853,418,382,407,482
824,865,904,853,418,382,407,482
824,865,904,853,418,382,407,482
824,865,904,853,418,382,407,482
824,865,904,853,418,382,408,482
824,865,904,853,418,382,407,482
824,865,904,853,418,382,407,482
824,865,904,853,418,382,408,482
824,865,904,853,418,382,408,482
824,865,904,853,418,382,407,482
824,865,904,853,418,382,408,482
824,865,904,853,418,382,408,482
824,865,904,853,418,382,408,482
824,865,904,853,418,382,408,482
824,865,904,853,418,382,408,482
824,865,904,853,418,382,408,482
824,865,904,853,418,382,408,482
824,865,904,853,418,382,408,482
824,865,904,853,418,382,408,482
824,865,904,853,418,382,408,482
824,865,904,853,418,382,408,482
824,865,904,853,418,382,408,482
824,865,904,853,418,382,408,482
824,865,904,853,418,382,408,482
824,865,904,853,418,382,408,482
824,865,904,853,418,382,408,482
824,865,904,853,418,382,408,482
824,865,904,853,418,382,408,482
824,865,904,853,418,382,408,482
824,865,904,853,418,381,408,482
824,865,904,853,418,381,408,482
